concept,prefLabel,definition,broader
http://www.w3id.org/archlink/terms/conservationthesaurus/B51DAF,Material,Material aus dem das Objekt besteht.,http://www.w3id.org/archlink/terms/conservationthesaurus/GD172G
http://www.w3id.org/archlink/terms/conservationthesaurus/B5DD1A,Metall,"chemisches Element, das durch eine gute elektrische und thermische Leitfähigkeit, einen typischen Glanz sowie gute Formbarkeit mit spanlosen oder spangebenden Methoden gekennzeichnet ist. Die typischen metallischen Eigenschaften ergeben sich aus der charakteristischen Gitterstruktur des Atomaufbaus. Metalle werden bereits seit Jahrhunderten von Menschen systematisch gewonnen, bearbeitet und für Werkzeuge, Schmuck, Waffen und andere Zwecke verwendet. Sie spielen eine zentrale Rolle in der technologischen und kulturellen Entwicklung der Menschheit.",http://www.w3id.org/archlink/terms/conservationthesaurus/B51DAF
http://www.w3id.org/archlink/terms/conservationthesaurus/F7D3DB,reines Metall,"Metall, welches nahezu ausschließlich aus einer Atomart besteht und nur sehr geringe Mengen an anderen Elementen enthält. Jedes Reinmetall besitzt charakteristische physikalische und chemische Eigenschaften, wie eine spezifische Dichte, Härte, Schmelztemperatur und chemische Aktivität, das es von anderen Metallen unterscheidet.",http://www.w3id.org/archlink/terms/conservationthesaurus/B5DD1A
http://www.w3id.org/archlink/terms/conservationthesaurus/FGA46A,Edelmetall,"korrosionsbeständiges Metall, das aufgrund seiner chemischen und physikalischen Eigenschaften und ästhetischen Qualitäten hochgeschätzt wird.",http://www.w3id.org/archlink/terms/conservationthesaurus/F7D3DB
http://www.w3id.org/archlink/terms/conservationthesaurus/FD5149,Gold,"gelbes Metall mit dem chemischen Symbol Au und der Ordnungszahl 79. Gehört zu den ersten Metallen, die in der frühen Menschheitsgeschichte verarbeitet wurden. Aufgrund seiner Seltenheit, der guten Bearbeitbarkeit sowie der schönen Farbe und dem auffälligen Glanz wird Gold seit Jahrtausenden für Schmuck und Prestigeobjekte verwendet. Durch die hohe Korrosionsbeständigkeit sind an Goldobjekten kaum materialbezogene, konservatorische Maßnahmen notwendig.",http://www.w3id.org/archlink/terms/conservationthesaurus/FGA46A
http://www.w3id.org/archlink/terms/conservationthesaurus/F135A8,Silber,"weißlich-graues Metall mit dem chemischen Symbol Ag und der Ordnungszahl 47. Gehört, ebenso wie Gold und Kupfer, zu den ersten Metallen die von den Menschen verarbeitet wurde. Silber wurde als edler metallischer Werkstoff aufgrund seiner guten Verarbeitbarkeit, hohen Korrosionsbeständigkeit im Vergleich zu anderen Metallen und seiner reinen warm-glänzenden Erscheinung seit der Antike für Münzen, Schmuck und zeremonielle Gegenstände genutzt. Im Vergleich zu Gold war Silber überdies häufiger verfügbar. Als Edelmetall ist es relativ beständig gegen Korrosion, wird jedoch von Luftsauerstoff, Schwefel und chloridhaltigen Lösungen (z.B. in stark chloridhaltigen Böden) unter Bildung von Silberoxid, Silbersulfid und/oder Silberchlorid angegriffen.",http://www.w3id.org/archlink/terms/conservationthesaurus/FGA46A
http://www.w3id.org/archlink/terms/conservationthesaurus/BBF566,Unedelmetall,"Sammelbegriff für Metalle, mit negativem Normalpotenzial. Sie neigen, aufgrund ihres hohen Lösungsdrucks, unter Normalbedingungen zur chemischen Reaktion mit ihrer Umgebung. Objekte aus unedlen Metallen zeigen im archäologischen Kontext daher in der Regel mehr oder weniger starke Korrosionserscheinungen.",http://www.w3id.org/archlink/terms/conservationthesaurus/F7D3DB
http://www.w3id.org/archlink/terms/conservationthesaurus/F71C6B,Eisen,"bläulich-gräuliches Metall mit dem chemischen Symbol Fe und der Ordnungszahl 26. Im archäologischen Kontext kommen in der Regel ausschließlich Eisen-Kohlenstoff-Legierungen vor, sodass reines Eisen kaum eine Rolle in der Restaurierung spielt. Eisen ist sehr unedel und neigt sowohl an der Luft, als auch bei der Bodenlagerung zu starken Korrosionsreaktionen.",http://www.w3id.org/archlink/terms/conservationthesaurus/BBF566
http://www.w3id.org/archlink/terms/conservationthesaurus/GB5BGF,Buntmetall,"Sammelbegriff für farbige Metalle, außer Eisen und Edelmetalle. Sie zeichnen sich durch ihre Farbvielfalt aus und wurden bereits seit der frühsten Menschheitsgeschichte für ihre spezifischen Eigenschaften wie Härte, Korrosionsbeständigkeit und elektrische Leitfähigkeit geschätzt.",http://www.w3id.org/archlink/terms/conservationthesaurus/BBF566
http://www.w3id.org/archlink/terms/conservationthesaurus/B28FA6,Kupfer,"rot-bräunliches Metall mit dem chemischen Symbol Cu und der Ordnungszahl 29. Kupfer war wohl das erstes Metall, dass von den Menschen gezielt hergestellt und verarbeitet wurde. Kupfer ist in feuchter, verunreinigter Luft, sowie in chloridbelasteten Böden recht korrossionsanfällig. Mit den Bestandteilen der Luft (u.a. Schwefel- oder Carbonatverbindungen) bildet es eine Patina, die als Schutzschicht für das darunterliegende Metall gegenüber weiterem Korrosionsangriff dient. Diese Patina kann dem Objekt unter umständen ein recht ästhetisches Erscheinungsbild verleihen (sog. ""Edelpatina"").",http://www.w3id.org/archlink/terms/conservationthesaurus/GB5BGF
http://www.w3id.org/archlink/terms/conservationthesaurus/G992B6,Blei,"sehr weiches Metall, von bläulich-gräulicher Farbe mit dem chemischen Symbol Pb und der Ordnungszahl 82. Gehört zur Gruppe der Schwermetalle und wirkt giftig auf den menschlichen Körper. Wurde in der Antike sowohl für eigenständige Objektherstellung, als auch in Pigmenten und Glasuren sowie Legierungen mit anderen Metallen verwendet. Blei läuft an der Luft unter Bildung einer passivierenden Oxidschicht an und ist auch bei Kontak mit Wasser oder Säuren stark korrosionsanfällig.",http://www.w3id.org/archlink/terms/conservationthesaurus/GB5BGF
http://www.w3id.org/archlink/terms/conservationthesaurus/G8AG1C,Zink,bläulich-weißes Metall mit dem chemischen Symbol Zn und der Ordnungszahl 30. Zink wurde in der Antike hauptsächlich als Erz bei der Kupferverhüttung bzw. -legierung verarbeitet. Erst im späten Mittelalter wird Zink gezielt als reines Metall hergestellt.,http://www.w3id.org/archlink/terms/conservationthesaurus/GB5BGF
http://www.w3id.org/archlink/terms/conservationthesaurus/G78BD6,Zinn,"silberweißes, sehr weiches Metall mit dem chemischen Symbol Sn und der Ordnungszahl 50. Zinn wird hauptsächlich als Legierungsbestandteil (z.B. für (Zinn-)Bronze oder in Weichloten) verwendet, aber auch als reines Metall für die Herstellung von Geschirr und kleinen Kulturobjekten. Gegenüber Luftsauerstoff ist es weitgehend beständig, wird jedoch von Säuren (v.a. Salpetersäure) stark angegriffen. Bei der Lagerung von Zinnobjekten unterhalb 13°C tritt das Phänomen der sog. ""Zinnpest"" auf, bei der sich das stabile Zinn in α-Zinn umwandelt, was sich in Form von Flecken und Pusteln bemerktbar macht und schleichend zur vollständigen Verstörung des Zinnobjektes führt.",http://www.w3id.org/archlink/terms/conservationthesaurus/GB5BGF
http://www.w3id.org/archlink/terms/conservationthesaurus/F9GB13,Metalllegierung,"Gemenge aus mindestens zwei verschiedenen chemischen Elementen, wobei eines davon ein Metall ist. Durch das gezielte Zusammenschmelzen von Metallen werden Legierungen mit spezifischen Eigenschaften wie verbesserte Festigkeit, Korrosionsbeständigkeit oder Verarbeitbarkeit hergestellt. Im festen/abgekühlten Zustand können diese Legierungsbestandteile nicht ohne weiteres mit physikalischen Methoden getrennt werden. Benannt werden Legierungen nach dem mengenmäßig überwiegend enthaltenen Metall.",http://www.w3id.org/archlink/terms/conservationthesaurus/B5DD1A
http://www.w3id.org/archlink/terms/conservationthesaurus/G4AG5C,Edelmetalllegierung,"Legierung, bei dem der Hauptbestandteil ein Edelmetall ist.",http://www.w3id.org/archlink/terms/conservationthesaurus/F9GB13
http://www.w3id.org/archlink/terms/conservationthesaurus/DC5B2B,Goldlegierung,"Legierung mit Gold als Hauptbestandteil. Da reines Gold relativ weich ist, wird es zur Verbesserung der Härte und Beständigkeit mit anderen Metallen (hauptsächlich Kupfer und Silber) legiert. Kongruent zu reinen Goldobjekten sind auch an Objekten aus Goldlegierungen kaum materialbedingte konservatorische Maßnahmen notwendig. Je nach Höhe des Anteils an unedleren Bestandteilen kann es jedoch zu oberflächlicher Verfärbung kommen.",http://www.w3id.org/archlink/terms/conservationthesaurus/G4AG5C
http://www.w3id.org/archlink/terms/conservationthesaurus/AD789F,Silberlegierung,"Legierung mit Silber als Hauptbestandteil. Reines Silber ist für viele Anwendungsbereiche zu weich, sodass es häufig mit anderen Metallen (vor allem Kupfer) legiert wird. Neben den Korrosionserscheinungen des reinen Silbers treten in Legierungssystemen weitere Korrosionen auf. So kann sich z.B. bei kupferhaltigen Silberlegierungen Kupfer-I-oxid und Kupfersulfid bilden.",http://www.w3id.org/archlink/terms/conservationthesaurus/G4AG5C
http://www.w3id.org/archlink/terms/conservationthesaurus/F9F6DG,Elektrum,"natürlich vorkommende Legierung aus Gold und Silber, teils auch mit geringem Kupferanteil.",http://www.w3id.org/archlink/terms/conservationthesaurus/G4AG5C
http://www.w3id.org/archlink/terms/conservationthesaurus/FAG415,Unedelmetallegierung,"Legierung, bei dem der Hauptbestandteil durch ein unedles Metall gebildet wird.",http://www.w3id.org/archlink/terms/conservationthesaurus/F9GB13
http://www.w3id.org/archlink/terms/conservationthesaurus/BC75G1,Eisenlegierung,"Legierung mit Eisen als Hauptbestandteil, die aufgrund ihrer Härte und Verfügbarkeit seit der Antike weit verbreitet für die Herstellung von Werkzeugen, Waffen und landwirtschaftlichen Geräten genutzt wurde. Die Entdeckung der Eisenherstellung (Verhüttung) stellt einen wichtigen Fortschritt in der technologischen Metallverarbeitung der Menschheitsgeschichte dar und beeinflusste maßgeblich die Entwicklung und Expansion antiker Kulturen. Eisenlegierungen sind äußerst korrosionsanfällig, wobei das Korrosionsgeschehen stark von der Legierungszusammensetzung und der Gefügestruktur abhängig ist.",http://www.w3id.org/archlink/terms/conservationthesaurus/FAG415
http://www.w3id.org/archlink/terms/conservationthesaurus/A82D86,Buntmetalllegierung,"Sammelbezeichnung für farbige Legierungen mit schweren Nichteisenmetallen als Hauptbestandsteile. Wird in der archäologischen Restaurierung häufig als allgemeiner Oberbegriff für kupferhaltige Objektwerkstoffe verwendet, solange keine eindeutige Materialanalyse durchgeführt wurde.",http://www.w3id.org/archlink/terms/conservationthesaurus/FAG415
http://www.w3id.org/archlink/terms/conservationthesaurus/FGB415,Kupferlegierung,"Legierung mit Kupfer als Hauptbestandteil. Parallel zur Verwendung von reinem Kupfer, steht auch die Herstellung von Kupferlegierung am Beginn der historischen Metallverarbeitung der Menschheitsgeschichte. Aufgrund der reichen Verfügbarkeit, guten Verarbeitbarkeit und Verständigkeit wurde Kupfer für vielerlei Gegenstände (z.B. Schmuck, Waffen, Gefäße, etc.) verwendet.",http://www.w3id.org/archlink/terms/conservationthesaurus/A82D86
http://www.w3id.org/archlink/terms/conservationthesaurus/BF7D14,Bronze,"Kupferlegierung mit Zinn als zweiter Hauptbestandteil. Moderne Bronzen weisen in der Regel genormte Zusammensetzungen und gezielte Legierungsbestandteile auf. In historischen Bronzen finden sich, je nach Zeitstellung und Kultur, unter Umständen sehr unterschiedliche Zusammetzungen und andere Bestandteile, wie Zink, Silber, Blei, Antimon, Arsen, etc. Zur eindeutigen metallurgischen Bestimmung wird der Begriff Bronze häufig zusammen mit dem vorangestellten Hauptlegierungszusatz verwendet (Bleibronze, Arsenbronze, usw.). Bronze kann, je nach Legierungszusammensetzung, eine gelb-golde, rötliche bis weißliche Färbung aufweisen. Ebenso hängt die Verarbeitbarkeit maßgeblich von den Legierungszusammensetzten ab. Die Korrosionsanfälligkeit von Bronze entspricht im Wesentlichen der des Kupfers, wobei entsprechend der anderen Bestandteile weitere Korrosionserscheinungen auftreten können.",http://www.w3id.org/archlink/terms/conservationthesaurus/FGB415
http://www.w3id.org/archlink/terms/conservationthesaurus/C1DGG5,Arsenbronze,antike Bronzelegierung aus Kupfer und Arsen,http://www.w3id.org/archlink/terms/conservationthesaurus/BF7D14
http://www.w3id.org/archlink/terms/conservationthesaurus/A6D8BF,Zinnbronze,"Legierung aus Kupfer und Zinn, die je nach Gewichtsanteil der beiden Bestandteile unterschiedliche Eigenschaften aufweisen kann. Zinnbronzen mit höherem Kupfergehalt und Zinngehalten bis ca. 10% zeichenen sich durch eine gute Festigkeit und Umformbarkeit (Hämmer-, Walz und Schmiedbarkeit) aus, während Zinnbronzen mit einem höheren Zinngehalt an Härte und Dehnbarkeit aber auch Sprödigkeit zunehmen und daher hauptsächlich als Gusswerkstoff verwendet werden.",http://www.w3id.org/archlink/terms/conservationthesaurus/BF7D14
http://www.w3id.org/archlink/terms/conservationthesaurus/DG663G,Bleibronze,Kupferlegierung aus ca. 60% Kupfer und dem Hauptlegierungsbestandteil Blei (bis zu 28%).,http://www.w3id.org/archlink/terms/conservationthesaurus/BF7D14
http://www.w3id.org/archlink/terms/conservationthesaurus/A8B271,Messing,"Kupferlegierung mit mindestens 50% Kupfer und Zink als zweiten Hauptbestandteil in unterschiedlichen Massenanteilen. Weitere Legierungsbestandteile (z.B. Blei) können zur Einstellung bestimmter Eigenschaften zugegeben sein. Messing kann, je nach Legierungszusammensetzung, eine hellgelbe, goldene bis bräunliche Färbung aufweisen. Aus diesem Grund wird es unter anderem für Goldimitationen verwendet. Messing lässt sich sehr gut gießen, ebenso gut kalt verformen sowie spanlos und spanabhebend bearbeiten, wodurch es entsprechend für die Herstellung von gegossenen Gegenständen als auch getriebenen Gefäßen verwendet wird. Messing zeigt, ebenso wie Bronze, hauptsächlich Korrosionserscheinungen entsprechend des Hauptbestandteiles Kupfer.",http://www.w3id.org/archlink/terms/conservationthesaurus/FGB415
http://www.w3id.org/archlink/terms/conservationthesaurus/B93G16,Tombak,"Kupfer-Zink Legierung, mit hohem Kupferanteil (> 67%) . Ähnlich dem Messing, aber durch den höheren Kupferanteil von deutlich rötlicherer Farbe.",http://www.w3id.org/archlink/terms/conservationthesaurus/FGB415
http://www.w3id.org/archlink/terms/conservationthesaurus/F387GB,Bleilegierung,Legierung mit Blei als Hauptbestandteil.,http://www.w3id.org/archlink/terms/conservationthesaurus/A82D86
http://www.w3id.org/archlink/terms/conservationthesaurus/G6A358,Zinnlegierung,Legierung mit Zinn als Hauptbestandteil.,http://www.w3id.org/archlink/terms/conservationthesaurus/A82D86
http://www.w3id.org/archlink/terms/conservationthesaurus/F15DFD,Zinklegierung,Legierung mit Zink als Hauptbestandteil.,http://www.w3id.org/archlink/terms/conservationthesaurus/A82D86
http://www.w3id.org/archlink/terms/conservationthesaurus/CD3341,organisches Material,Allgemeiner Sammelbegriff für natürlich von Organismen gebildete Stoffe meist tierisch- oder pflanzlichen Ursprungs.,http://www.w3id.org/archlink/terms/conservationthesaurus/B51DAF
http://www.w3id.org/archlink/terms/conservationthesaurus/F2A45F,Materialien tierischen Ursprungs,Überbegriff für organische Materialien die aus verschiedenen Teilen eines Tieres hergestellt werden.,http://www.w3id.org/archlink/terms/conservationthesaurus/CD3341
http://www.w3id.org/archlink/terms/conservationthesaurus/BA652F,Kollagenhaltiges Material,Kollagenhaltiges tierisches Material,http://www.w3id.org/archlink/terms/conservationthesaurus/F2A45F
http://www.w3id.org/archlink/terms/conservationthesaurus/FCF757,Tierhaut,"organisches Material aus der vom Körper abgetrennten, äußersten Gewebehülle von Tieren, die durch verschiedene Verfahren haltbar und weiter verarbeitbar gemacht wurde.",http://www.w3id.org/archlink/terms/conservationthesaurus/BA652F
http://www.w3id.org/archlink/terms/conservationthesaurus/D73F9B,Leder,"Durch chemische Bearbeitung (Gerbung) haltbar gemachte Tierhaut. In der Antike und im Mittelalter wurde Leder vor allem für Schuhe, Kleidung und Behältnisse verwendet.",http://www.w3id.org/archlink/terms/conservationthesaurus/FCF757
http://www.w3id.org/archlink/terms/conservationthesaurus/B9C731,Pergament,"Von Haaren befreite und unter Spannung getrocknete sehr dünne Tierhaut, die aus einem Geflecht von Collagenfasern besteht und in den meisten Fällen von Schaf, Kalb oder Ziege gewonnen wurde. Durch mehrere Verarbeitungsschritte wie Kalken,  enthaaren, Schaben und das Trocknen unter Spannung entsteht ein nahezu durchsichtiges, festes Material, welches zum Schreiben, Buchbinden oder für andere Zwecke verwendet wird.",http://www.w3id.org/archlink/terms/conservationthesaurus/FCF757
http://www.w3id.org/archlink/terms/conservationthesaurus/A82C8C,Rohhaut,"Von Fleisch und Haaren befreite und getrocknete, ungegerbte Tierhaut",http://www.w3id.org/archlink/terms/conservationthesaurus/FCF757
http://www.w3id.org/archlink/terms/conservationthesaurus/GG2137,Tierfell,"organisches Material aus der vom Körper abgetrennten, mit dichten Haaren besetzten Haut von Säugetieren.",http://www.w3id.org/archlink/terms/conservationthesaurus/BA652F
http://www.w3id.org/archlink/terms/conservationthesaurus/AB4988,Fasern tierischen Ursprungs,"Natürliche Fasern, die aus den Haarfollikeln oder den Sekreten von Tieren gewonnen werden und basierend auf ihren jeweiligen Eigenschaften im kulturellen Kontext für verschiedene Anwendungen wie z.B. Kleidung, Fäden oder Dekor verarbeitet wurden.",http://www.w3id.org/archlink/terms/conservationthesaurus/F2A45F
http://www.w3id.org/archlink/terms/conservationthesaurus/G899F5,Haar,"Natürliche, faserartige Gebilde aus Keratin, die aus der Haut von Säugetieren wachsen.",http://www.w3id.org/archlink/terms/conservationthesaurus/AB4988
http://www.w3id.org/archlink/terms/conservationthesaurus/AA992C,Menschenhaar,natürliches Material aus den Haaren des menschlichen Kopfes.,http://www.w3id.org/archlink/terms/conservationthesaurus/G899F5
http://www.w3id.org/archlink/terms/conservationthesaurus/F8DFCG,Tierhaar,"natürliches Material aus dem Fell, Pelz oder der Behaarung von Tieren.",http://www.w3id.org/archlink/terms/conservationthesaurus/G899F5
http://www.w3id.org/archlink/terms/conservationthesaurus/DF96G1,Wolle,"tierische Faser (Stapelfaser) aus dem charakteristischen Haarkleid des Schafes. Die Bezeichnung Wolle wird im allgemeinem Sprachgebrauch auch für die Haare anderer Tierarten verwendet, allerdings sollte zur Differenzierung deren Namen hinzugefügt werden.",http://www.w3id.org/archlink/terms/conservationthesaurus/F8DFCG
http://www.w3id.org/archlink/terms/conservationthesaurus/CG49C6,Alpakawolle,tierische Fasern aus dem Wollhaar des Alpakas,http://www.w3id.org/archlink/terms/conservationthesaurus/F8DFCG
http://www.w3id.org/archlink/terms/conservationthesaurus/AA47GG,Mohairwolle,tierische Fasern aus der Wolle/den Haaren der Angoraziege,http://www.w3id.org/archlink/terms/conservationthesaurus/F8DFCG
http://www.w3id.org/archlink/terms/conservationthesaurus/B576DA,Kaschmirwolle,tierische Fasern aus der Wolle/den Haaren der Kaschmirziege,http://www.w3id.org/archlink/terms/conservationthesaurus/F8DFCG
http://www.w3id.org/archlink/terms/conservationthesaurus/A9AC1A,Kaninchenhaar,tierische Fasern aus den Haaren des Haus- oder Wildkaninchens,http://www.w3id.org/archlink/terms/conservationthesaurus/F8DFCG
http://www.w3id.org/archlink/terms/conservationthesaurus/BG71D3,Schweineborsten,tierische Fasern aus den borstigen Haaren des Hausschweines,http://www.w3id.org/archlink/terms/conservationthesaurus/F8DFCG
http://www.w3id.org/archlink/terms/conservationthesaurus/D51GAA,Ziegenhaar,tierische Fasern aus den Haaren der Hausziege,http://www.w3id.org/archlink/terms/conservationthesaurus/F8DFCG
http://www.w3id.org/archlink/terms/conservationthesaurus/G43GG2,Pferdehaar,"tierische Fasern aus dem Fell, der Mähne oder dem Schweif des Pferdes",http://www.w3id.org/archlink/terms/conservationthesaurus/F8DFCG
http://www.w3id.org/archlink/terms/conservationthesaurus/G593G4,Wildschweinborsten,"tierische Fasern aus den Haaren des Wildschweines, mit außergewöhnlich kräftigen und harten Erscheinungsform im Vergleich zu Haaren anderer Tierarten.",http://www.w3id.org/archlink/terms/conservationthesaurus/F8DFCG
http://www.w3id.org/archlink/terms/conservationthesaurus/F6F797,Seide,"feine, glänzende Naturfaser, die aus den Kokons von Seidenspinnern, wie dem domestizierten Bombyx mori, ausgeschieden und zu Geweben verarbeitet wird.",http://www.w3id.org/archlink/terms/conservationthesaurus/AB4988
http://www.w3id.org/archlink/terms/conservationthesaurus/G16647,Tussahseide,"Seide, die aus den Kokons des Tussahspinners (Antheraea mit diversen Unterarten) hergestellt wird.",http://www.w3id.org/archlink/terms/conservationthesaurus/F6F797
http://www.w3id.org/archlink/terms/conservationthesaurus/G21F5B,Muschelseide,"Seide, die durch das Sekret bestimmter Muscheln (Steckmuschel – Pinna nobilis) hergestellt wird..",http://www.w3id.org/archlink/terms/conservationthesaurus/F6F797
http://www.w3id.org/archlink/terms/conservationthesaurus/B6443F,Feder,"tierische, oft bunte Keratinstruktur, welche aus der Haut von Vögen gebildet wird und als Federkleid die äußerste Hauptbedeckung von Vögeln bildet.",http://www.w3id.org/archlink/terms/conservationthesaurus/AB4988
http://www.w3id.org/archlink/terms/conservationthesaurus/F3G8D1,Materialien pflanzlichen Ursprungs,Überbegriff für Materialien die aus Pflanzen gewonnen werden.,http://www.w3id.org/archlink/terms/conservationthesaurus/CD3341
http://www.w3id.org/archlink/terms/conservationthesaurus/G465BG,Samen,"organisches Material aus der für die Ausbreitung dienenden Gebewebestruktur von Pflanzen, bestehend aus Samenschale, Embryo und Nährgewebe.",http://www.w3id.org/archlink/terms/conservationthesaurus/F3G8D1
http://www.w3id.org/archlink/terms/conservationthesaurus/DD9C25,pflanzliche Fasern,"Natürliche Fasern, die aus pflanzlichem Material gewonnen und für verschiedene Anwendungen, wie Textilien, Seilen, Körben, Schnüren oder Matten, verwendet wurden.",http://www.w3id.org/archlink/terms/conservationthesaurus/F3G8D1
http://www.w3id.org/archlink/terms/conservationthesaurus/BC685F,Flachs,"natürliche Stengelfaser, die aus der Leinpflanze (Linum usitatissimum) durch verschiedene Bearbeitungsschritte gewonnen wird.",http://www.w3id.org/archlink/terms/conservationthesaurus/DD9C25
http://www.w3id.org/archlink/terms/conservationthesaurus/GB5A92,Leinen,Materialbezeichnung für Garn- und Stoffprodukte bestehend aus Flachsfasern.,http://www.w3id.org/archlink/terms/conservationthesaurus/BC685F
http://www.w3id.org/archlink/terms/conservationthesaurus/A2159C,Bast,"natürliche, lange Fasern pflanzlicher Herkunft, die auf Rinden, Stengeln, Blättern oder Fruchtschalen gewonnen werden.",http://www.w3id.org/archlink/terms/conservationthesaurus/DD9C25
http://www.w3id.org/archlink/terms/conservationthesaurus/A5G856,Baumwolle,"natürliche, einzellige Fasern aus den Samen der Baumwollpflanze (Gossypium)",http://www.w3id.org/archlink/terms/conservationthesaurus/DD9C25
http://www.w3id.org/archlink/terms/conservationthesaurus/C3AF5A,Hanf,"natürliche Stengelfaser, gewonnen aus dem Bast der Hanfpflanze (Cannabis sativa) durch verschiedene Bearbeitungsschritte",http://www.w3id.org/archlink/terms/conservationthesaurus/DD9C25
http://www.w3id.org/archlink/terms/conservationthesaurus/G8533D,Kapok,aus den Samenhülsen des Kapokbaumes bestehende natürliche Fasern,http://www.w3id.org/archlink/terms/conservationthesaurus/DD9C25
http://www.w3id.org/archlink/terms/conservationthesaurus/AG4634,Jute,"natürliche Stengelfaser, die aus den Pflanzen der Corchorusarten (Corchorus capsularis und Corchorus olitorius)  gewonnen wird.",http://www.w3id.org/archlink/terms/conservationthesaurus/DD9C25
http://www.w3id.org/archlink/terms/conservationthesaurus/GFDB57,Stroh,"getrocknete Halme pflanzlicher Fasern, die für eine Vielzahl unterschiedlicher Zwecke verwendet werden, z.B. zum Weben, Flechten oder als Magerungsmittel für Ton",http://www.w3id.org/archlink/terms/conservationthesaurus/DD9C25
http://www.w3id.org/archlink/terms/conservationthesaurus/D53ADA,Papyrus,,http://www.w3id.org/archlink/terms/conservationthesaurus/DD9C25
http://www.w3id.org/archlink/terms/conservationthesaurus/C2FCA7,Rinde,"natürliches Material, welches als äußerste Schicht die holzigen Teile von Bäumen bedeckt.",http://www.w3id.org/archlink/terms/conservationthesaurus/F3G8D1
http://www.w3id.org/archlink/terms/conservationthesaurus/A9A858,Holz,"natürliches Material, nachwachsender Rohstoff; die Hauptbestandteile von Holz sind Cellulose, Hemicellulose und Lignin, während des Wachstums werden Extraktstoffe und Mineralien in den Zellen eingelagert. Holz ist aufgrund seiner Festigkeit, Vielseitigkeit und Verfügbarkeit ein wichtiger Rohstoff für Bau-, Möbel- und Kunsthandwerksanwendungen.",http://www.w3id.org/archlink/terms/conservationthesaurus/F3G8D1
http://www.w3id.org/archlink/terms/conservationthesaurus/C47769,rezentes Holz,"Holz, das frisch geschlagen oder abgelagert ist, jedoch im Vergleich zu archäologischem Holz noch keinen nennenswerten Abbauprozessen ausgesetzt war",http://www.w3id.org/archlink/terms/conservationthesaurus/A9A858
http://www.w3id.org/archlink/terms/conservationthesaurus/C947B5,archäologisches Holz,"Holz aus archäologischem Kontext. Damit sich Holz während der Bodenlagerung erhält, sind wassergesättigte und sauerstoffarme Bodenbedingungen nötig. Während Holz als organisches Material unter normalen Bedingungen in relativ kurzer Zeit verrottet, indem die chemischen Bestandteile von Mikroorganismen wie Pilzen und Bakterien sowie tierischen Schädlingen angegriffen und zersetzt werden, wird die Holzsubstanz unter sauerstofffreien oder zumindest sauerstoffreduzierten Bedingungen nur von anaeroben Bakterien zersetzt. Bei den Zersetzungsprozessen werden Cellulose und Hemicellulose nach und nach abgebaut, während das Ligningerüst oftmals weitestgehend erhalten bleibt. Die geschädigten und geschwächten Zellen werden durch Wasser ausgefüllt und sorgt dafür, dass die ursprüngliche Form des Holzartefakt erhalten bleibt.",http://www.w3id.org/archlink/terms/conservationthesaurus/A9A858
http://www.w3id.org/archlink/terms/conservationthesaurus/DFG875,[Holzart],"Stützwort zur Thesaurus-Strukturierung, das die nachfolgenden Begriffe als Arten von Holz klassifiziert",http://www.w3id.org/archlink/terms/conservationthesaurus/A9A858
http://www.w3id.org/archlink/terms/conservationthesaurus/FC3FD6,Nadelholz,"Von Bäumen der botanischen Gruppe der Gymnospermen (Nadelbäume) gewonnenes Holz. Eine einzige Art von Zellen, die Tracheiden, übernimmt sowohl die Stabilitäts- als auch die Wassertransportfunktion, was dem Nadelholz einen relativ einfachen und regelmäßigen Zellaufbau verleiht. Dank ihrer Anpassung an kurze Vegetationsperioden können Nadelbäume auch in Regionen mit langen, kalten Wintern oder in großen Höhen überleben, wo Laubbäume nicht mehr wachsen.",http://www.w3id.org/archlink/terms/conservationthesaurus/DFG875
http://www.w3id.org/archlink/terms/conservationthesaurus/G356D5,Eibenholz,"Holz der Eibe. Eibenholz zeigte eine gelb bis gold-braune Färbung, oft mit rötlich- violettem Schimmer und eine feine, gleichmäßige Maserung. Charakteristisch sind seine hohe Elastizität, Härte sowie Dichte, wobei es noch gut drechsel- und schnitzbare ist.",http://www.w3id.org/archlink/terms/conservationthesaurus/FC3FD6
http://www.w3id.org/archlink/terms/conservationthesaurus/G2944B,Fichtenholz,"Holz von der Fichte, einem der häufigsten Nadelbäume in Europa. Fichtenholz zeichnet sich durch sein helles, gelblich- bis rötlichweißes und relativ weiches Holz mit feiner Struktur aus. Es lässt sich mit verschiedenen Werkzeugen und Techniken gut bearbeiten, zeigt jedoch eine geringe Dauerhaftigkeit, da es pilz- und insektenanfällig und nicht witterungsfest ist.",http://www.w3id.org/archlink/terms/conservationthesaurus/FC3FD6
http://www.w3id.org/archlink/terms/conservationthesaurus/A73FD7,Kiefernholz,"Holz von der Kiefer, einem in Europa weit verbreiteten Nadelbaum. Das Holz zeichnet sich durch eine gelblich bis rötlichweiße Färbung aus, die im Laufe der Zeit bis rötlich-braun nachdunkelt, sowie eine kräftige und dekorative Maserung. Kiefernholz ist sehr harzreich und verströmt beim Bearbeiten einen typischen, aromatischen Duft. Es lässt sich mit den gängigen Holzwerkzeugen gut bearbeiten und wird daher für vielerlei Verwendungen (u.A. für Möbel, Türen, Fenster, Fußböden und als Funierholz) genutzt.",http://www.w3id.org/archlink/terms/conservationthesaurus/FC3FD6
http://www.w3id.org/archlink/terms/conservationthesaurus/F5GA47,Lärchenholz,"Holz von der Lärche, mit gelblichweißer bis rötlichweißer Färbung des Splintholzes und rötlichbraun bis dunkelrotbraun nachdunkelndem Kernholz. Die Textur des Holzes zeigt eine auffallende und sehr dekorative Maßerung sowie eine dichte und feste Struktur. Lärchenholz besitzt eine hohe Widerstandsfähigkeit gegenüber Witterungseinflüssen und eine gute manuelle und maschinelle Verarbeitbarkeit, was es besonders für die Verwendung im Außenbereich als Fensterrahmen, Türen aber auch für den Brückenbau oder für Schwellen, Fässer und Paneelen geeignet macht.",http://www.w3id.org/archlink/terms/conservationthesaurus/FC3FD6
http://www.w3id.org/archlink/terms/conservationthesaurus/FCA7DA,Tannenholz,"Holz aus der Tanne, mit heller, oft weißlich-gelber bis rötlichweißer Färbung und grauem Schimmer. Es besitzt eine relativ gleichmäßige Textug und zeigt eine dezente, weniger markante Maserung im Vergleich zu anderen Hölzern. Das Holz ist verhältnismäßig leicht, harzarm und zeichnet sich durch eine moderate Festigkeit sowie eine mäßige Widerstandsfähigkeit gegenüber Witterungseinflüssen aus. Es eignet sich gut für die Verarbeitung mit Hand- und Maschinenwerkzeugen. Aufgrund dieser Eigenschaften wird es hauptsächlich für den Innenbau, für Möbel, Holzverkleidungen oder Behältnisse verwendet.",http://www.w3id.org/archlink/terms/conservationthesaurus/FC3FD6
http://www.w3id.org/archlink/terms/conservationthesaurus/B7DD6B,Laubholz,"Von Bäumen der botanischen Gruppe der Dikotyledonen (Laubbäume) gewonnenes Holz, mit artspezifischen Ausprägungen des Zellbaues aus Gefäßen, Libriformfasern, Tracheiden und Parenchymzellen.",http://www.w3id.org/archlink/terms/conservationthesaurus/DFG875
http://www.w3id.org/archlink/terms/conservationthesaurus/D39191,ringporiges Laubholz,"Laubholz, das große Tracheen/Gefäße im Frühholz und deutlich kleinere im Spätholz ausbildet. Im Querschnitt von ringporigem Laubholz sind deutlich ringförmige Strukturen sichtbar",http://www.w3id.org/archlink/terms/conservationthesaurus/B7DD6B
http://www.w3id.org/archlink/terms/conservationthesaurus/FG3BCD,Eichenholz,"Holz aus Eichenbäumen. Das Holz der verschiedenen Eichenbäumen ist im allgemeinen als starkes und strapazierfähiges Holz zu beschreiben, welches eine üblicherweise hellbraune bis gelblich-braun/rötliche Färbung aufweist. Die Maserung verläuft häufig in markanten, wellenförmigen/gespiegelten Formen. Die mechanische Bearbeitbarkeit hängt im Detail von der jeweiligen Eichenart ab, ist insgesamt jedoch als gut zu beschreiben.",http://www.w3id.org/archlink/terms/conservationthesaurus/D39191
http://www.w3id.org/archlink/terms/conservationthesaurus/DBG8AD,Eschenholz,"Holz der Esche. Das Holz zeigt eine gelblich-weiße bis rötliche Färbung auf, die im Laufe der Zeit hellbraun nachdunkeln kann. Zum Teil zeigen sich auch unregelmäßig gestreifte oder wolkige Färbungen, mit nicht immer deutlichen Splint- und Kernholzgrenzen. Es ist ein relativ weiches Holz, mit jedoch guter Festigkeit und Biegsamkeit, welches sich sowohl manuell als auch maschinell gut bearbeiten lässt",http://www.w3id.org/archlink/terms/conservationthesaurus/D39191
http://www.w3id.org/archlink/terms/conservationthesaurus/G2C131,Ulmenholz,"Holz der Ulme. Ulmenholz zeichnet sich durch eine charakteristische Farbpalette aus, die von gelblich-braun bis dunkelbraun reicht, oft mit einem rötlichen Schimmer. Die Maserung ist häufig markant und wellenförmig, gelegentlich mit unregelmäßigen Streifen. Splint- und Kernholz sind meist deutlich voneinander abgegrenzt, wobei das Kernholz härter und widerstandsfähiger ist. Es handelt sich um ein mittelschweres bis schweres Holz, das eine gute Elastizität und Zähigkeit aufweist. Die Bearbeitbarkeit ist insgesamt gut, sowohl von Hand als auch maschinell.",http://www.w3id.org/archlink/terms/conservationthesaurus/D39191
http://www.w3id.org/archlink/terms/conservationthesaurus/DAA3F9,zerstreutporiges Laubholz,"Laubholz, bei dem die Gefäße/Tracheen gleichmäßig und ohne klare Anordnung über einen gesamten Jahrring verteilt im Holz vorkommen. Anders als bei ringporigen Hölzern, bei denen große Gefäße im Frühholz und kleinere im Spätholz auftreten, gibt es bei zerstreutporigen Hölzern keinen großen Unterschied in der Größe oder Verteilung der Gefäße zwischen Früh- und Spätholz.",http://www.w3id.org/archlink/terms/conservationthesaurus/B7DD6B
http://www.w3id.org/archlink/terms/conservationthesaurus/CAD229,Ahornholz,"Holz des Ahornbaumes. Ahornholz ist ein schweres, hartes Holz, das eine helle, weiß bis gelbliche, im frisch geschlagenen Zustand auch rötliche Färbung sowie eine feine, gleichmäßige Maserung aufweist. Es zeigt eine glatte und feinporige Textur, hohe Elastizität und Biegefestigkeit sowie gute Bearbeitbarkeit mit verschiedenen Werkzeugen.",http://www.w3id.org/archlink/terms/conservationthesaurus/DAA3F9
http://www.w3id.org/archlink/terms/conservationthesaurus/BGG879,Birkenholz,"Holz aus der Birke. Birkenholz ist ein gelblichweißes, rötlichweißes bis hellbräunliches, mittelschweres Holz mit einer feinen Maserung. Es zeigt eine gute Elatizität und Zähigkeit und lässt sich gut manuell und maschinell mit verschiedenen Werkzeugen bearbeiten.",http://www.w3id.org/archlink/terms/conservationthesaurus/DAA3F9
http://www.w3id.org/archlink/terms/conservationthesaurus/B93452,Buchenholz,,http://www.w3id.org/archlink/terms/conservationthesaurus/DAA3F9
http://www.w3id.org/archlink/terms/conservationthesaurus/FA1B26,Buchsbaumholz,"Holz des immergrünen Buxbaumes mit charakteristisch gelblich- weißer bis hellbrauner Färbung. Aufgrund der außergewöhnlichen Härte, hohen Dichte sowie feinen, homogenen Textur mit glatter Oberfläche traditionell unter  anderem verwendet für technische und wissenschaftliche Geräte, Maschinen- und Musikinstrumente sowie Drechslerarbeiten.",http://www.w3id.org/archlink/terms/conservationthesaurus/DAA3F9
http://www.w3id.org/archlink/terms/conservationthesaurus/F1BD88,Erlenholz,"Holz der Erlen. Das leichte bis mittelschwere Holz zeigt direkt nach dem Fällen eine rötlich- orange Färbung, die durch die Oxidation mit Luftsauerstoff allmählich rötlichweiß bis rötlichbraun nachdunkelt. Die Maserung ist fein und schlicht und das Holz von geringer Härte, wodurch es mit allen Werkzeugen gut bearbeitbar ist.",http://www.w3id.org/archlink/terms/conservationthesaurus/DAA3F9
http://www.w3id.org/archlink/terms/conservationthesaurus/GAG81G,Haselholz,,http://www.w3id.org/archlink/terms/conservationthesaurus/DAA3F9
http://www.w3id.org/archlink/terms/conservationthesaurus/B44F39,Lindenholz,"Holz der Linde, mit einer hellen, weißlich, gelblichen bis rötlichen Färbung, mit unter auch leicht bräunlich oder grünlich gestreift oder gefleckt. Das weiche Holz lässt sich besonders gut schnitzen und drechseln und wird daher häufig für die Bildhauerei sowie für Schnitz- und Drechselarbeiten im Modellbau verwendet.",http://www.w3id.org/archlink/terms/conservationthesaurus/DAA3F9
http://www.w3id.org/archlink/terms/conservationthesaurus/ABBFB5,Obstholz,,http://www.w3id.org/archlink/terms/conservationthesaurus/DAA3F9
http://www.w3id.org/archlink/terms/conservationthesaurus/B5C86F,Pappelholz,"Holz der Pappel, mit weißlich, gelblich bis hell-grün-bräunlicher Färbung, in Marknähe auch rötlich. Pappelholz ist ein sehr leichtes und weiches Holz, das sich gut mit verschiedenen Werkzeugen bearbeiten lässt. Bei Pappelholz ist es dabei besonders wichtig scharf geschliffene Werkzeuge zu verwenden, da die Oberfläche durch Reaktionsholzbildung oft filzig und rauh erscheinen kann. Aufgrund seiner geringen Festigkeit und der mittelmäßigen Dauerhaftigkeit/Witterungsbeständigkeit wird Pappelholz vor allem als Funierholz für Sperrholzprodukte oder als Konstruktionsholz geringer bis mittlerer Belastung im Innenbereich verwendet.",http://www.w3id.org/archlink/terms/conservationthesaurus/DAA3F9
http://www.w3id.org/archlink/terms/conservationthesaurus/GG1CG9,Weidenholz,,http://www.w3id.org/archlink/terms/conservationthesaurus/DAA3F9
http://www.w3id.org/archlink/terms/conservationthesaurus/G76A78,Kaustobiolith,"Überbegriff für verfestigten Anreicherungen von organischen Kohlenstoffverbindungen (oder reinem Kohlenstoff) aus Überresten von Pflanzen und Tieren. Sie entstehen durch Umwandlung der organischen Materialien unter hohem Druck und Temperatur über geologische Zeiträume hinweg. Teilweise werden die Kaustobiolithe aufgrund ihrer Entstehungsart auch den sedimentären Gesteinen zugeordnet. Eine besondere Eigenschaft der Kaustobiolithe, die sie von den meisten ""klassischen"" Gesteinen unterscheidet, ist ihre Brennbarkeit.",http://www.w3id.org/archlink/terms/conservationthesaurus/CD3341
http://www.w3id.org/archlink/terms/conservationthesaurus/AAG733,Sapropelit,"aus verfestigten Faulschlämmen bestehende Biomineralien. Ihre Entstehung erfolgt unter natürlichen Bedingungen in ehemals nährstoffreichen Gewässern und Sümpfen, wobei organisches Material bei Abwesenheit von Sauerstoff biochemisch umgewandelt wird.",http://www.w3id.org/archlink/terms/conservationthesaurus/G76A78
http://www.w3id.org/archlink/terms/conservationthesaurus/A5B5B2,Gagat,"aus in Faulschlamm eingebetteten Hölzern entstandene besonders dichte und homogene Kohleart. Die Farbigkeit ist in der Regel von einem tiefen, samtigen schwarz, die Oberfläche glänzend und gut polierbar.",http://www.w3id.org/archlink/terms/conservationthesaurus/G76A78
http://www.w3id.org/archlink/terms/conservationthesaurus/D467F2,Pech,"zähflüssiges bis festes, harzbasiertes Material von braun bis schwarzer Färbung, das durch Destillation von Holz oder fossilen Harzen gewonnen wird. Es wurde in der Antike häufig als Dichtmittel, Klebstoff oder Beschichtungsmaterial verwendet, beispielsweise für Gefäße, Werkzeuge oder Schiffsplanken. Aufgrund seiner organischen Zusammensetzung liefert Pech wichtige Informationen über die damaligen Rohstoffquellen und Techniken, wobei seine Erhaltung und Analyse besondere konservatorische Maßnahmen erfordert.",http://www.w3id.org/archlink/terms/conservationthesaurus/G76A78
http://www.w3id.org/archlink/terms/conservationthesaurus/A4A374,Kohle,,http://www.w3id.org/archlink/terms/conservationthesaurus/G76A78
http://www.w3id.org/archlink/terms/conservationthesaurus/GB6DF3,silikatisches Material,"Oberbegriff für eine Vielzahl von nichtmetallischen, anorganischen Werkstoffen, die aus Silikaten bestehen oder aus diesen gewonnen werden.",http://www.w3id.org/archlink/terms/conservationthesaurus/B51DAF
http://www.w3id.org/archlink/terms/conservationthesaurus/A11ACA,Keramik,"anorganischer, nicht-metallischer, durch das Brennen von Ton hergestelltes Material. Ton stellt einen weit verbreiteten Werkstoff da, der im feuchten Zustand gut plastisch formbar ist und sich beim Brennen zur mehr oder weniger festen Keramik umwandelt. Ton besteht aus verschiedenen Tonmineralen (z.B. Kaolinit, Montmorillonit und Illit), Zuschlagstoffen - sog. Magerungsmitteln - wie Sand, Kalk, Ziegelmehl, Stroh, Häcksel, Tierhaare, Knochenasche oder Muscheln und Wasser. Objekte aus Keramik wurden bereits vor tausenden von Jahren von vielen Kulturen für verschiedenste Verwendungszwecke angefertigt.",http://www.w3id.org/archlink/terms/conservationthesaurus/GB6DF3
http://www.w3id.org/archlink/terms/conservationthesaurus/FC776B,Grobkeramik,"keramische Erzeugnisse mit einer grobkörnigen, oft porösen Scherbenstruktur, die durch die Verwendung von Ton mit sichtbaren Mineral- oder Magerungsbestandteilen entsteht.",http://www.w3id.org/archlink/terms/conservationthesaurus/A11ACA
http://www.w3id.org/archlink/terms/conservationthesaurus/DG279C,Feinkeramik,"keramische Erzeugnisse mit einer dichten und feinen Scherbenstruktur, die in der Regel durch die Verwendung fein aufbereiteter und gemahlener Tone erzielt wird.",http://www.w3id.org/archlink/terms/conservationthesaurus/A11ACA
http://www.w3id.org/archlink/terms/conservationthesaurus/CB19D3,Irdenware,"keramische Materialgruppe mit porösen, meist erdfarbenen Scherben, die bei vergleichsweise niedrigen Temperaturen (ca. 600- 1100°C) gebrannt wird. Aufgrund der niedrigen Brenntemperatur und der daraus resultierenden Offenporigkeit, zeigt Irdenware eine relativ hohe Wasseraufnahmefähigkeit. Aus diesem Grund wird sie häufig mit Engoben oder Glasuren versehen, um die Oberfläche zu verdichten und die Verwendungseigenschaften zu verbessern. Irdenware umfasst verschiedene Keramikwaren wie Terrakotta, Fayence oder Majolika.",http://www.w3id.org/archlink/terms/conservationthesaurus/DG279C
http://www.w3id.org/archlink/terms/conservationthesaurus/CG154B,Steingut,,http://www.w3id.org/archlink/terms/conservationthesaurus/DG279C
http://www.w3id.org/archlink/terms/conservationthesaurus/A38966,Steinzeug,,http://www.w3id.org/archlink/terms/conservationthesaurus/DG279C
http://www.w3id.org/archlink/terms/conservationthesaurus/CF41GC,Porzellan,,http://www.w3id.org/archlink/terms/conservationthesaurus/DG279C
http://www.w3id.org/archlink/terms/conservationthesaurus/DA2D73,Glas,"anorganischer, amorpher Feststoff, der durch schnelles Abkühlen einer Schmelze ohne Kristallisation erzeugt wird. Gläser bestehen in der Regel aus Glasbildner (Quarzsand (SIO2)), Flussmittel (z.B. Soda (NA2O) oder Pottasche (K2O)) und Stabilisatoren (z.B. Calciumoxid (CaO) oder Calciumcarbonat (CaCO3)).",http://www.w3id.org/archlink/terms/conservationthesaurus/GB6DF3
http://www.w3id.org/archlink/terms/conservationthesaurus/F1BA31,Biomineral,"Überbegriff für mineralisches Material, das von lebenden Organismen gebildet wird.  Aus chemischer Sicht handelt es sich dabei um anorganische Substanzen und Kristallstrukturen wir Kalziumkarbonat, Kalziumphosphat oder Siliziumdioxid. Diese werden von lebenden Organismen in biologischen Prozessen synthetisiert und in ihr Gewebe eingebaut. Dabei erfüllen die Biominerale spezifische Funktionen, wie den Schutz oder die Stabilität der Gewebestrukturen. Obwohl sie biologischen Ursprungs sind, werden Biominerale aufgrund ihrer chemischen Zusammensetzung und ihrer Eigenschaften den silikatischen bzw. mineralischen Materialien zugeorndet.",http://www.w3id.org/archlink/terms/conservationthesaurus/GB6DF3
http://www.w3id.org/archlink/terms/conservationthesaurus/B626A3,Bein,,http://www.w3id.org/archlink/terms/conservationthesaurus/F1BA31
http://www.w3id.org/archlink/terms/conservationthesaurus/BBC26F,Horn,"Werkstoff aus hauptsächlich tierischem Keratin. Im engeren Sinne wird mit dem Begriff hauptsächlich das Tierhorn, in Form der spitz zulaufenden Hornzapfen auf dem Schädel mancher Säugetiere, gemeint, wobei unter Umständen auch anderer aus Keratin tierischen Ursprungs bestehende Materialien (tierische Klauen, Hufe, Schnäbel, Schuppen, etc.) damit bezeichnet werden. Typische Hornträger sind Rinder, Schafen und Ziegen. Je nach Tier, Rasse und/oder Herkunft zeigt Horn eine unterschiedliche Färbung, Transparenz und Größe. Aufgrund seiner guten Bearbeitbarkeit und ästhetischen Erscheinungsbild wird Horn bereits seit der Antike für vielerlei Gegenstände verarbeitet (u.A. Kämme, Messerhefte, Löffel, Figuren, Perlen, Knöpfe, Armreife, etc.)",http://www.w3id.org/archlink/terms/conservationthesaurus/F1BA31
http://www.w3id.org/archlink/terms/conservationthesaurus/B69F1G,Schildpatt,"Werkstoff in Form von Hornplatten aus dem Panzer von Schildkröten. Je nachdem ob das Schildpatt aus dem Rückenpanzer oder dem Bauchpanzer gewonnen wurde, ergeben sich unterschiedliche Farbgestaltung. Eine gelbe, rötliche bis rotbraune, gefalmmte Zeichnung auf grünlichem bis schwarzbräunlichem Grund zeugt von der Herkunft aus dem Rückenpanzer, während eine dunkle Zeichnung auf gelben Grund aus dem Bauchpanzer stammt. Im Gegensatz zu Horn ist Schildpatt von geringerer Dichte und Lichtbrechung, größerer Sprödigkeit und es fehlt die typische faserige Struktur, wie sie im Horn zu finden ist.",http://www.w3id.org/archlink/terms/conservationthesaurus/F1BA31
http://www.w3id.org/archlink/terms/conservationthesaurus/B2F655,Geweih,,http://www.w3id.org/archlink/terms/conservationthesaurus/F1BA31
http://www.w3id.org/archlink/terms/conservationthesaurus/B77128,Koralle,,http://www.w3id.org/archlink/terms/conservationthesaurus/F1BA31
http://www.w3id.org/archlink/terms/conservationthesaurus/A3D91B,Muschel,,http://www.w3id.org/archlink/terms/conservationthesaurus/F1BA31
http://www.w3id.org/archlink/terms/conservationthesaurus/AG8F3A,Perlmutt,"Material, welches an der Schaleninnenseite von Perlmuscheln, manchen Schneckenarten und weiteren Kopffüßlern gebildet wird. Die Farbigkeit des Perlmutts variiert stark je nach Herkunft. Perlmutt wurde in der Antike hauptsächlich in Form von Mosaik- und Einlegearbeiten verwendet, aber auch für Knöpfe und Kleinplastiken.",http://www.w3id.org/archlink/terms/conservationthesaurus/F1BA31
http://www.w3id.org/archlink/terms/conservationthesaurus/F9D2A8,Perle,,http://www.w3id.org/archlink/terms/conservationthesaurus/F1BA31
http://www.w3id.org/archlink/terms/conservationthesaurus/B41GC3,Süßwasserperle,,http://www.w3id.org/archlink/terms/conservationthesaurus/F9D2A8
http://www.w3id.org/archlink/terms/conservationthesaurus/FB8DCB,Salzwasserperle,,http://www.w3id.org/archlink/terms/conservationthesaurus/F9D2A8
http://www.w3id.org/archlink/terms/conservationthesaurus/B69747,Schnecke,,http://www.w3id.org/archlink/terms/conservationthesaurus/F1BA31
http://www.w3id.org/archlink/terms/conservationthesaurus/B59296,Zahn,"biologisches Material, aus Dentin, Zahnschmelz und manchmal Zement. Es ist hart, langlebig und verhältnismäßig resistent gegen Verwitterung, wodurch es häufig in archäologischen Funden wie Schmuck, Werkzeugen oder Resten von Tieren und Menschen erhalten bleibt. Zahn kann durch Form, Farbe und Wachstumsmuster individuelle oder artspezifische Merkmale aufweisen und ist ein wichtiger Träger biologischer sowie kultureller Informationen.",http://www.w3id.org/archlink/terms/conservationthesaurus/F1BA31
http://www.w3id.org/archlink/terms/conservationthesaurus/AG55BC,Elfenbein,"Zahnsubstanz, das als Werkstoff aus den Stoßzähnen des Elefanten und seiner Vorfahren (Mastodon, Mammut) gewonnen wird. Im allgemeinen Sprachgebrauch wird auch eine Reihe weitere, in Aussehen und Struktur ähnlicher Materialien (Walrosszahn, Nilpferdzahn, Narwahlzahn, etc.) als Elfenbein bezeichnet. Elfenbein ist in der Regel von cremeweißer Farbe, mit Schwankungen ins gelblich, grünlich, rötlich oder bräunliche, und weist eine charakteristische Maserung auf. Im Gegensatz zu Knochen weist Elfenbein einen niedrigeren Mineralgehalt auf, was sich in einer höheren Elastizität, Bruchfestigkeit, Polierfähigkeit und geringerer Sprödigkeit im Vergleich zu Knochenmaterial zeigt.",http://www.w3id.org/archlink/terms/conservationthesaurus/B626A3
http://www.w3id.org/archlink/terms/conservationthesaurus/G56716,fossiles Elfenbein,"Elfenbein von Tieren, die vor Tausenden von Jahren gestorben sind und durch natürliche Prozesse konserviert wurden. Der Handel mit fossilem Elfenbein fällt meist nicht unter internationale Artenschutzgesetze, da es keine direkten Auswirkungen auf heutige Tierpolpulationen hat.",http://www.w3id.org/archlink/terms/conservationthesaurus/AG55BC
http://www.w3id.org/archlink/terms/conservationthesaurus/FF744D,modernes Elfenbein,"Elfenbein, das aus der Gegenwart bzw. von kürzlich verstorbenen Tieren wie Elefanten oder Walrossen gewonnen wurde. Aufgrund von Naturschutzgesetzen und internationalen Abkommen wie dem Washingtoner Artenschutzübereinkommen (CITES) ist der Handel mit solchem Elfenbein stark eingeschränkt und verboten.",http://www.w3id.org/archlink/terms/conservationthesaurus/AG55BC
http://www.w3id.org/archlink/terms/conservationthesaurus/DGC848,Menschenzahn,Zahn eines menschlichen Individums,http://www.w3id.org/archlink/terms/conservationthesaurus/B59296
http://www.w3id.org/archlink/terms/conservationthesaurus/C12BC3,Tierzahn,Zahn eines Tieres,http://www.w3id.org/archlink/terms/conservationthesaurus/B59296
http://www.w3id.org/archlink/terms/conservationthesaurus/B8B69D,Bernstein,"Fossiles Harz von prähistorischen Bäumen, das über Millionen von Jahren polymerisiert und mineralisiert wurde. Als archäologisches Objekt ist Bernstein besonders wertvoll, da er oft organische Einschlüsse wie Insekten oder Pflanzen enthält, die wichtige Informationen über die Umwelt und Lebensbedingungen früherer Epochen liefern.",http://www.w3id.org/archlink/terms/conservationthesaurus/F1BA31
http://www.w3id.org/archlink/terms/conservationthesaurus/BGC9F3,Mineral,"anorganischer, chemisch und physikalisch homogener Festkörper, mit meist kristalliner Struktur. Minerale entstehend durch natürliche, geologische Prozesse und zeichnen sich durch unterschiedliche charakterisierende Eigenschaften aus.",http://www.w3id.org/archlink/terms/conservationthesaurus/GB6DF3
http://www.w3id.org/archlink/terms/conservationthesaurus/C84834,Quarz,"weit verbreitetes Mineral aus reinem SiO2, welches in vielen Gesteinsarten vorkommt. Quarz ist grundsätzlich farblos - weiß, tritt jedoch je nach Verunreinigungen/Einlagerungen auch in vielerlei Farben auf (weiß, gelb, violett, braun, schwarz, grün, blau, rosa, etc.) und zeigt in der Regel einen glasigen, matten Glanz. Quarz ist bekannt für seine Härte (Mohshärte 7) und Widerstandsfähigkeit gegenüber Verwitterung.",http://www.w3id.org/archlink/terms/conservationthesaurus/BGC9F3
http://www.w3id.org/archlink/terms/conservationthesaurus/A2C56B,Amethyst,"violette Varietät des Quarz. Die Farbigkeit reicht von blasslila bis tiefviolett, je nach Menge der enthaltenen Eisenverunreinigungen und Einwirkung natürlicher Strahlung. Bei Erhitzung verliert er seine Farbe und wird gelblich-braun, was wiederum als Quarz Varietät ""Citrin"" zählt. Dem Amethyst werden oft spirituelle und heilende Eigenschaften zugeschrieben und er wurde bereits seit der Antike für Schmuck verwendet.",http://www.w3id.org/archlink/terms/conservationthesaurus/C84834
http://www.w3id.org/archlink/terms/conservationthesaurus/C81F4D,Calcedon,"in verschiedenen Farben vorkommende Quarzvarietät, aus parallel gewachsenen, faserigen Kristallen von mikroskopischer und submikroskopischer Größe. Häufig finden sich auch Beimengungen von Moganite zwischen 1% - 20%, die sich jedoch im Laufe der Zeit zu Quarz umwandeln können, sodass ein moganite-freier Calcedon entsteht.",http://www.w3id.org/archlink/terms/conservationthesaurus/C84834
http://www.w3id.org/archlink/terms/conservationthesaurus/B97F4A,Achat,"gebändert oder geschichtete Calcedon-Varietät, die je nach Einlagerungen in vielen verschiedenen Farben auftreten kann. Häufig finden sich Verunreinigungen in Form von Eisen, Mangan, Chrom, Calcium u.a., die den Achat in plakativ natürlichen Tönen färben. Achat ist hauptsächlich in vulkanischen Gesteinen, aber auch in Sedimentgestein zu finden.",http://www.w3id.org/archlink/terms/conservationthesaurus/C81F4D
http://www.w3id.org/archlink/terms/conservationthesaurus/C5322D,Jaspis,"mikrokristalline Varietät des Calcedons, durch Eisen rötlich bis bräunlich, gelb gefärbt. Jaspis weist dichtes, lichtundurchlässiges Gefüge auf und zeigt einen splittrigen Bruch.",http://www.w3id.org/archlink/terms/conservationthesaurus/C81F4D
http://www.w3id.org/archlink/terms/conservationthesaurus/BBA96A,Karneol,"rötlich-orange bis braunrote Varietät des Calcedons, deren Farbe durch Eisenoxid verursacht wird.",http://www.w3id.org/archlink/terms/conservationthesaurus/C81F4D
http://www.w3id.org/archlink/terms/conservationthesaurus/B9A8BF,Bergkristall,"transparente, farblose Varietät des reinen Quarz mit einer Mohs´schen Härte von 7. Charateristisch ist sein glasartiger Glanz, eine hohe Reinheit und eine ausgezeichnete Lichtdurchlässigkeit. Er bricht muschelig und zeigt keine Fluoreszenz unter UV-Licht.",http://www.w3id.org/archlink/terms/conservationthesaurus/C84834
http://www.w3id.org/archlink/terms/conservationthesaurus/AD3B58,Korund,"sehr hartes Mineral aus Aluminiumoxid, welches je nach enthaltenen Spurenelementen in ganz unterschiedlichen Farben auftreten kann. Die bekanntesten Varietäten sind Rubin und Saphir. Korund ist nach Diamant das zweithärteste, natürlich vorkommende Material mit einer Mohshärte von 9. Korund weist eine hohe Dichte, einen glasartigen Glanz sowie einen muscheligen Bruch auf.",http://www.w3id.org/archlink/terms/conservationthesaurus/BGC9F3
http://www.w3id.org/archlink/terms/conservationthesaurus/D75514,Rubin,"rote Varietät des Korund, die durch Spuren von Chrom verursacht werden. Rubin ist für seine außergewöhnliche Härte (Mohshärte 9), seinen glasartigen Glanz und seine Seltenheit bekannt, wodurch er zu den wertvollsten Edelsteinen der Welt gehört.",http://www.w3id.org/archlink/terms/conservationthesaurus/AD3B58
http://www.w3id.org/archlink/terms/conservationthesaurus/BC5A3C,Saphir,"typischerweise blaue - hellblaue Varietät des Korunds, seltener grün bis gelbliche Färbungen. Die Färbung ist auf Einschlüsse von Eisen und Titan zurückzuführen. Saphir bricht in muschelig,splittriger Form, besitzt die Mohshärte 9 und zeigt keine Lumineszenz.",http://www.w3id.org/archlink/terms/conservationthesaurus/AD3B58
http://www.w3id.org/archlink/terms/conservationthesaurus/F75BDB,Beryll,"Mineral aus der Gruppe der Ringsilikate bestehend aus Beryllium-Aluminium-Silikat. Er zeichnet sich durch eine Härte von 7,5 . 8 auf der Mohs-Skala aus und tritt in reiner Form meist farblos transparent bis durchscheinend auf. Durch enthaltene Spurenelemente bildet der Beryll eine Reihe verschieden farbiger Varietäten, die aufgrund ihrers glasartigen Glanzes und der ästhetischen Farbgebung als Schmucksteine sehr geschätzt werden.",http://www.w3id.org/archlink/terms/conservationthesaurus/BGC9F3
http://www.w3id.org/archlink/terms/conservationthesaurus/A72G88,Smaragd,"grüne Varietät des Minerals Beryll, das duch Spuren von Chrom eine intensive grüne Farbe erhält, die z.T. mit Nuancen von gelb bis blau ergänzt werden. Smaragd werden vor allem aufgrund ihrers Glanzes und ihrer Transparenz als edle Schmucksteine geschätzt, wobei waserklare und fehlerfreie Kristalle extrem selten sind und daher zu den teuersten Edelsteinen der Welt gehören. Häufig sind Smaragde durch Einschlüsse in ihrere Transparenz getrübt und neigen zur Brüchigkeit bei der Verabeitung. Unter langwelligen UV-Strahlen zeigt Smaragd eine rote Lumineszenz.",http://www.w3id.org/archlink/terms/conservationthesaurus/F75BDB
http://www.w3id.org/archlink/terms/conservationthesaurus/F43643,Aquamarin,"blau bis blaugrüne Varietät des Beryll, die durch Beimengungen von Titan oder zweiwertigen Eisen-Ionen entsteht.",http://www.w3id.org/archlink/terms/conservationthesaurus/F75BDB
http://www.w3id.org/archlink/terms/conservationthesaurus/G98D28,Morganit,"rosafarbene bis pinke Varietät des Beryll, die durch Mangan-Einschlüsse ihre charakteristische Farbe erhält.",http://www.w3id.org/archlink/terms/conservationthesaurus/F75BDB
http://www.w3id.org/archlink/terms/conservationthesaurus/FD27A8,Fluorit,"Mineral aus der Gruppe der Halogeniden, bestehend aus Calciumfluorit und anderen Beimengungen. Fluorit tritt in einer großen Farbvielfalt auf, von reiner farblos-durchsichtigen bis violett, rosa, grün, blau oder gelben Färbungen. Fluorit ist ein relativ weiches Mineral, mit der Mohshärte 4 und ist durch seine vollkommene, oktaedrische Spaltbarkeit sowie seine markante Fluoreszenz, die je nach Lichtlänge und chemischer Zusammensezung des Fluorits in unterschiedlichen Farben auftreten kann, gekennzeichnet.",http://www.w3id.org/archlink/terms/conservationthesaurus/BGC9F3
http://www.w3id.org/archlink/terms/conservationthesaurus/CGGB4G,Feldspat,"eine der häufigsten gesteinsbildenden Mineralgruppe der Erdkruste, bestehend aus Alumosilikaten und unterschiedlichen Anteilen von Kalium, Natrium, Calcium und Barium. Die Farbigkeit reicht von weiß, grau bis rötlich, gelblich oder grünlich, je nach Zusammensetzung und Einschlüssen. Feldspatvertreter zeigen einen Glas- bis Perlmuttglanz auf den Spaltflächen, eine Mohshärte von 6 und rot bis violett-blaue Lumineszenz unter UV-Licht.",http://www.w3id.org/archlink/terms/conservationthesaurus/BGC9F3
http://www.w3id.org/archlink/terms/conservationthesaurus/F68381,Jadeit,"natrium- und aluminiumreiches Mineral aus der Pyroxengruppe mit oft grün, weiß, gelblich oder violetter Färbung. Jadeit bildet dichte, feinkörnige Aggregate, die außergewöhnlich hart und zäh sind (Härte 6,5 - 7 auf der Mohs-Skala). Jadeit ist ein wichtiger Bestandteil des metamorphosen Gesteins Jade, einem Sammelbegriff, der auch Nephrit umfasst. Aufgrund seiner Härte und Ästhetik wurde Jadeit historisch für Schmuck und Werkzeuge verwendet und besitzt große kulturelle Bedeutung, insbesondere in ostasiatischen und mesoamerikanischen Kulturen.",http://www.w3id.org/archlink/terms/conservationthesaurus/BGC9F3
http://www.w3id.org/archlink/terms/conservationthesaurus/FA5484,Amphibol,"Gruppe von Eisen-Magnesium-Silikatmineralen mit mittlerer Härte. Die Färbung ist meit dunkel, von grün bis schwarzer Farbe. Die Färbung hängt dabei vor allem vom Eisen-Gehalt der Mineralie ab. Die Spaltflächen der Amphibole zeigen sich oft mit einem Glas- oder Perlmuttglanz, während die nadeligen, faserartigen Formen von einem seidigen Glanz sind. Amphibole kommen in vielen magmatischen und metamorphosen Gesteinen vor, wie z. B in Graniten, Dioriten und vor allem in den Amphiobioliten.",http://www.w3id.org/archlink/terms/conservationthesaurus/BGC9F3
http://www.w3id.org/archlink/terms/conservationthesaurus/A43C59,Hornblende,"dunkelgrüne bis schwarzes, calciumhaltiges Minerale der Amphibol-Gruppe, mit den Bestandteilen Aluminiumoxid und/oder Eisenoxid.",http://www.w3id.org/archlink/terms/conservationthesaurus/FA5484
http://www.w3id.org/archlink/terms/conservationthesaurus/D8B5C3,Gips (Mineral),"weiches Mineral aus wasserhaltigem Kalziumsulfat. Es ist in der Regel farblos bis weiß, durch enthaltene Verunreinigungen können jedoch auch grau, gelb, rötliche bis braun, schwarze Färbungen auftreten. Gips zeigt eine äußerst geringe Härte, sodass er bereits mit dem Fingernagel geritzt werden kann. Gips kommt als Mineral häufig in Sedimentgesteinen oder auch in Seeablagerungen oder Tonen vor, darüber hinaus tritt er als Eindampfungsprodukt auch in reiner Form (Gips-Gestein) auf.",http://www.w3id.org/archlink/terms/conservationthesaurus/BGC9F3
http://www.w3id.org/archlink/terms/conservationthesaurus/D1GC4D,Alabaster,"Varietät des Gipses mit fester und feinkörniger Struktur und in der Regel heller bis weißer Farbe. Im allgemeinen Sprachgebrauch wird auch eine sehr ähnlich aussehende Varietät des Calcit (Kalksinter) als Alabaster (""antiker od. ägyptischer Alabaster"") bezeichnet. Echter Alabaster aus Calciumsulfat ist sehr weich und anfällig gegenüber Wasser, während Calcit-Alabaster wasserunlöslich und härter ist.",http://www.w3id.org/archlink/terms/conservationthesaurus/D8B5C3
http://www.w3id.org/archlink/terms/conservationthesaurus/B452DG,Malachit,"sekundäres Kupfermineral mit der chemischen Zusammensetzung Cu2CO3(OH)2. Es gehört zur Gruppe der Carbonate mit Hydroxidionen und entsteht häufig als Verwitterungsprodukt von Kupfererzen in der Oxidationszone. Typisch für Malachit ist seine intensive grüne Farbe, die von hellgrün bis dunkelgrün variieren kann, sowie seine oft konzentrisch gebänderte oder massige Struktur. Es hat eine Mohs-Härte von 3,5–4 und wird seit der Antike für Schmuck, Dekoration und Pigmente verwendet.",http://www.w3id.org/archlink/terms/conservationthesaurus/BGC9F3
http://www.w3id.org/archlink/terms/conservationthesaurus/D1788D,Dolomit (Mineral),"karbonatisches Mineral, das hauptsächlich aus Kalzium-Magnesium-Carbonat besteht. Es zeigt in der Regel eine weiß bis gräuliche Farbe, durch Verunreinigungen treten auch Färbungen von rötlich, braun, grau oder schwarz auf. Darüber hinaus zeigt das Mineral einen glas- bis perlmuttartigen Glanz und tritt sowohl durchscheinend als auch opak auf.",http://www.w3id.org/archlink/terms/conservationthesaurus/BGC9F3
http://www.w3id.org/archlink/terms/conservationthesaurus/D74F9D,Granat,"Gruppe von Silikatmineralen mit unterschiedlicher chemischer Zusammensetzung aus zweiwertigen Ionen, wie Ca, Mg, Fe, Mn und dreiwertigen, wie Al, Fe3+ oder Cr. Je nach Kombination ergeben sich verschiedene Varietäten, mit eigenen Trivialnamen, sowie Mischkristalle zwischen diesen. Granate kommen häufig als Nebengemengeteil in metamorphosen Gesteinen vor, zum Beispiel in Glimmerschiefer, Hornblenscheifer, Peridotit und Serpentinit.",http://www.w3id.org/archlink/terms/conservationthesaurus/BGC9F3
http://www.w3id.org/archlink/terms/conservationthesaurus/B3BCB6,Almandin,"häufigstes Mineral der Granatgruppe mit chemischer Zusammensetzung Fe3Al2(SiO4)3. Almandin zeichnet sich durch eine tiefrote bis violettrote Farbe aus, eine hohe Härte (6,5–7,5 auf der Mohs-Skala) und seine typischen isometrischen Kristalle. Es entsteht vorwiegend in metamorphen Gesteinen wie Glimmerschiefern oder Gneisen unter hohem Druck und Temperatur. Aufgrund seiner Härte und intensiven Farbe wird Almandin seit der Antike als Schmuckstein geschätzt und auch als Schleifmittel verwendet.",http://www.w3id.org/archlink/terms/conservationthesaurus/D74F9D
http://www.w3id.org/archlink/terms/conservationthesaurus/A42FG3,Lapislazuli,"Mineralgemisch aus primär Calcit, Lasurit, Diopsid und anderen Beimengungen, mit mittlerer Härte (Mohs-Härte 5 - 6). Lapislazuli zeichnet sich durch seine tiefblaue bis azurblaue Farbe aus, oft mit goldenen Pyriteinschlüssen, die ihm ein einzigartiges Erscheinungsbild verleihen. Seit Jahrtausenden wird Lapislazuli als Schmuckstein, in Kunstgegenständen und als Pigment („Ultramarin“) verwendet, insbesondere in Kulturen wie der altägyptischen, mesopotamischen und mittelalterlichen europäischen Kunst.",http://www.w3id.org/archlink/terms/conservationthesaurus/BGC9F3
http://www.w3id.org/archlink/terms/conservationthesaurus/F9GC9A,Tonminerale,"Gruppe von Mineralen, die hauptsächlich aus Aluminium-Silikaten, mit vereinzelten weiteren Bestandteilen, wie Eisen, Magnesium oder Kalium, bestehen. Sie bilden dichte, bröckelige oder mehlige Massen und fühlen sich zwischen den Fingern zerrieben seifig, fettig an. Typische Merkmale der Tonminerale sind die plättchenartige Struktur mit blättriger Kristallform, sowie ein charakteristisch erdiger Geruch im feuchten Zustand. Wie der Name bereits vermuten lässten, bilden diese Mineral die Hauptbestandteil von Tonen.",http://www.w3id.org/archlink/terms/conservationthesaurus/BGC9F3
http://www.w3id.org/archlink/terms/conservationthesaurus/CA53A2,Kaolinit,"häufig in der Natur vorkommendes Tonmineral mit der chemischen Zusammensetzung Al₂Si₂O₅(OH)₄. Es entsteht hauptsächlich durch die Verwitterung feldspathaltiger Gesteine und kristallisiert in dünnen Blättchen oder Schuppen als Schichtsilikat. Die Farbigkeit ist meist weiß, aber auch braune, gelbe oder graue Färbungen sind möglich. Es besitzt eine feinkörnige Struktur, ist Hauptbestandteil von Kaolin und wurde typischerweise für die Herstellung von Keramik oder als Füllstoff für verschiedene technologische Prozesse verwendet.",http://www.w3id.org/archlink/terms/conservationthesaurus/F9GC9A
http://www.w3id.org/archlink/terms/conservationthesaurus/D71467,Illit,"Schichtsilikat der Glimmergruppe, das durch umfassende Verwitterungsprozesse Wasser in sein Kristallgitter eingebaut hat und somit zu den sog. ""Hydroglimmern"" gehört. Illit tritt in der Regel in weißlich bis grün-gräulicher Färbung auf, zeigt einen perlmuttartigen Glanz und die typische plättchenartige Struktur der Tonminerale. Es erscheint vorrangig in Sedimentgesteinen, wie Mergeln, Tonstein oder Schieferton.",http://www.w3id.org/archlink/terms/conservationthesaurus/F9GC9A
http://www.w3id.org/archlink/terms/conservationthesaurus/D866AD,Gestein,"mehr oder weniger verfestigter Werkstoff aus mikroskopisch heterogenen Gemengen von Mineralen, Gesteinsbruchstücken, organischen und/oder anorganischen Ausscheidungen und Wasser (Kristallwasser). Hauptgemengeteile bilden Minerale wie Silikate (Feldspat, Quarz, Glimmer, etc.) und Karbonate (Calcit, Dolomit, etc.). Stein findet im Bereich historischer Kulturgüter in der Verwendung als Statuen, Schmuck, Gefäßen, und Bauteilen. Je nach Zusammensetzung sind Gesteine mehr oder weniger anfällig für umgebungsbedingten Zerfall, so können z.B. Schadstoffe aus der Luft ebenso wie Salze und andere Bodenbestandteile Zerfallsprozesse an der Oberfläche von Steinobjekten hervorrufen.",http://www.w3id.org/archlink/terms/conservationthesaurus/GB6DF3
http://www.w3id.org/archlink/terms/conservationthesaurus/DF7826,Magmatit,"Überbegriff für Gesteine, die aus Erstarrung einer Gesteinsschmelze entstehen.",http://www.w3id.org/archlink/terms/conservationthesaurus/D866AD
http://www.w3id.org/archlink/terms/conservationthesaurus/B14489,Tuff,"aus der Umwandlung der losen Pyroklasten (klastisches Auswurfmaterial aus Vulkanen) durch Druck und/oder Zementierung entstandenes Festgestein. Die Gesteinsmatrix kann, ähnlich wie bei den Sedimentgesteinen, aus verschiedenen mit einander verkitteten Mineralien, wie z.B. Calcit oder Quarz, bestehen und wird mit Hilfe des Grundwassers ausgeschieden. Tuffe zeichnen sich durch eine poröse, wasserdurchlässige Struktur sowie starke Umwandlungserscheinungen, wie Silifizierung, Entglasung der Glasbestandteile und chemische Verwitterung, aus",http://www.w3id.org/archlink/terms/conservationthesaurus/DF7826
http://www.w3id.org/archlink/terms/conservationthesaurus/F646B4,Granit,"körniges Tiefengestein mit Quarzanteil von mehr als 20% und weiteren Bestandteilen aus Feldspat, Biotit und Hornblende. Die Farbigkeit wird allgemein als Hell beschrieben, wobei je nach mineralogischer Zusammensetzungen Abstufungen zwischen weißlich-grau, über rose-rot bis dunkelgrau-schwarz sowie gesprenkelte oder geflecke Texturen zu beobachten sind.",http://www.w3id.org/archlink/terms/conservationthesaurus/DF7826
http://www.w3id.org/archlink/terms/conservationthesaurus/CDB814,Diorit,"magmatisches Tiefengestein mit Plagioklas-Feldspat als Hauptbestandteil. Zeigt häufig eine grauschwarze bis grünlich-graue Färbung, wobei die Zusammensetzung aus weißlich-grauen Feldspäten und dunklen grünlich-schwarzen Hornblende- und/oder Biotit-Beimengungen zu einem gefleckten/gesprenkeltes Erscheinungsbild führen kann. Die Textur wird als körnig beschrieben, bei der die Minerale mit bloßem Auge erkennbar sind.",http://www.w3id.org/archlink/terms/conservationthesaurus/DF7826
http://www.w3id.org/archlink/terms/conservationthesaurus/D9B246,Basalt,"vulkanisches Gestein mit den mineralischen Hauptbestandteilen Plagioklas, Pyroxen und Olivin. Das Gestein zeig sich in der Regel in dunkle Färbung und eine feinkörnige Textur. Basalt ist das häufigste Gestein der ozeanischen Kruste",http://www.w3id.org/archlink/terms/conservationthesaurus/DF7826
http://www.w3id.org/archlink/terms/conservationthesaurus/B12CB4,Gesteinsglas,"natürliches, glasartiges Gestein, das durch die rasche Abkühlung einer Schmelze, ohne Ausbildung von Kristallen, entsteht.",http://www.w3id.org/archlink/terms/conservationthesaurus/DF7826
http://www.w3id.org/archlink/terms/conservationthesaurus/B21C51,Obsidian,"vulkanisches Gesteinsglas aus Siliziumdioxid mit glasartig-homogener aber auch schlackig-blasiger Oberfläche. Die Färbung reicht von dunkelgrau bis annähernd schwarz über rot bis dunkel rot-braun. Obsidian zeichnet sich durch seinen charakteristisch muscheligen, scharfkantigen Bruch aus und wurde daher bereits in der Steinzeit für Werkzeuge und Waffen verwendet.",http://www.w3id.org/archlink/terms/conservationthesaurus/B12CB4
http://www.w3id.org/archlink/terms/conservationthesaurus/CCBB4G,Perlit,"vulkanisches Gesteinsglas mit charakteristischem, perlartigen Aussehen, welches auf zentimetergroßen konzentrisch-schaligen Glaskügelchen in der Matrix zurückzuführen ist. Die Farbigkeit kann von grau, grün, bläulich über rötlich, braun bis hin zu farblos reichen.",http://www.w3id.org/archlink/terms/conservationthesaurus/B12CB4
http://www.w3id.org/archlink/terms/conservationthesaurus/D51GA5,Bimsstein,"schaumiges Gesteinsglas, bestehend aus subparallel verflochtenen Glasfasern, welche Hohlräume einschließen oder um Einsprenglinge herum führen. Das Gesteinsglas zeigt greuweiße, gelbliche, braune, hellgraue bis fast schwarze oder seltener rötliche Farbnuanzen. Seine Struktur ist deutlich porös und leicht, wodurch er in der Lage ist auf dem Wasser zu schwimmen.",http://www.w3id.org/archlink/terms/conservationthesaurus/B12CB4
http://www.w3id.org/archlink/terms/conservationthesaurus/C7BG27,Schlacke,"poröses, festes Material aus der Abkühlung und Erstarrung geschmolzener basaltischer Gesteine auf der Oberseite von Lavaströmen. Ähnelt von der Textur und Struktur dem Bimsstein, ist jedoch deutlich schwerer und von dunklerer Farbe als dieser. Schlacke zählt nur bedingt zu den natürlichen Gesteinen, da es neben vulkanischen Ereignissen auch als Nebenprodukt technologischer Prozesse wie der Metallurgie entstehen kann.",http://www.w3id.org/archlink/terms/conservationthesaurus/B12CB4
http://www.w3id.org/archlink/terms/conservationthesaurus/C7F346,Sedimentgestein,"Überbegriff für Gesteine, die mittels Diagenese durch Verwitterung, Abtragung, Zerfall anderer Gesteine und deren sekundäre Ablagerung auf der Erdoberfläche entstehen. Auch Gesteine die durch chemische Ausfällung oder von Organismen aufgebaut werden, zählen zur Gruppe der Sedimentgesteine.",http://www.w3id.org/archlink/terms/conservationthesaurus/D866AD
http://www.w3id.org/archlink/terms/conservationthesaurus/F2B8B7,Feuerstein,"hartes Sedimentgestein, hauptsächlich bestehend aus feinkörnigem Quarz. Feuerstein bildet sich durch chemische Ausfällung von Siliziumdioxid in marinen Umgebungen und findet sich häufig lagenweise in Kalksteinen oder Kreideschichten. Die Farbe ist meist dunkelgrau bis schwarz und häufig von einer hellen Rinde umgeben. Der Bruch des Feuerstein ist schwarfkantig, muschelig, wesswegen er bereits früh in der Menschheitsgeschichte für Werkzeuge und Waffen verwendet wurde. Der Namensgebung entsprechend zeichnet sich Feuerstein durch seine Eigenschaft der Funkenerzeugung, bei harten Schlägen gegeneinander oder gegen andere harte Materialien, aus.",http://www.w3id.org/archlink/terms/conservationthesaurus/C7F346
http://www.w3id.org/archlink/terms/conservationthesaurus/DD91F6,Sandstein,"klastisches Sedimentgestein aus in einer feinen Matrix eingebetteten Sandkörnern, die sich durch das Ausfüllen der Zwischenräume mit Bindemitteln wie Kalk, Ton oder Siliziumdioxid verfestigt haben. Die Farbigkeit von Sandsteinen ist vielfältig von weiß, hellgrau, gelblich über rötlich, gelblich-braun bis seltener auch grünlich, blau oder violett,. Häufig kommen auch Bänderungen, Flecken oder Maserungen vor, die auf die unterschiedliche Färbung der einzelnen Ablagerungsschichten zurückzuführen sind. Der Hauptbestandteil der meisten Sandsteine ist Quarz, weitere häufig auftretende Minerale sind Feldspat und Glimmer.",http://www.w3id.org/archlink/terms/conservationthesaurus/C7F346
http://www.w3id.org/archlink/terms/conservationthesaurus/DB13B8,Tonstein,"klastisches Sedimentgestein, welches hauptsächlich aus Tonmineralen besteht. Häufig werden Tonsteine durch Ablagerung von Illit, Montomorillonit und/oder Chlorit leicht schiefrig ausgebildet. Die Farbigkeit liegt bei grau, blau, grünlich, rotbraun, schwarz oder verschiedenfarbig gefleckt. Tonsteine weisen in der Regel eine außerordentliche Feinkörnigkeit auf, wodurch der Bruch selbst bei beachtlicher Beimengung von Quarz oder Glimmer durchwegs homogen wirkt. Die Struktur der Tonsteine ist meist weich und krümelig, zeigt jedoch eine höhere Härte als Schieferton. Die Oberfläche ist von einem seidigen Glanz.",http://www.w3id.org/archlink/terms/conservationthesaurus/C7F346
http://www.w3id.org/archlink/terms/conservationthesaurus/G636F1,Schieferton,"Eine besonders feinplattig ausgebildete Art des Tonsteins. Schieferton zeichnet sich durch eine ausgeprägte Schieferung und Spaltbarkeit aus, die durch gerichteten Druck während der Diagenese entsteht. Die Struktur ist blättrig oder leistenförmig ausgebildet. Schiefertone sind deutlich weicher als Tonsteine und zeigen eine stumpfen Oberflächenbeschaffenheit.",http://www.w3id.org/archlink/terms/conservationthesaurus/C7F346
http://www.w3id.org/archlink/terms/conservationthesaurus/CB4C3C,Kalksinter,"sedimentäres Gestein, das durch Ablagerung von Kalk aus kalkhaltigem Wasser entsteht. Häufig tritt Kalksinter auch als oberflächliche Ablagerung/Überzug (z.B. auf bodengelagerten Objekten) auf. In Höhlen kann es unter den richtigen Bedingungen zur Bildung von Tropfsteinen aus Kalksinter kommen.",http://www.w3id.org/archlink/terms/conservationthesaurus/C7F346
http://www.w3id.org/archlink/terms/conservationthesaurus/B8224D,Kalkstein,"sedimentäres Gestein, welches durch die Verfestigung von Kalkschlämmen (Calcit und/oder Aragonit) oder durch mechanisch sedimentierten Klasten verschiedener Herkunft gebildet wird. Auch die Bildung durch direkte biogene Anlagerung unter Beteiligung von pflanzlichen Organismen ist möglich. Die Farbigkeit kann sehr unterschiedlich sein, wenn auch weißlich, gelblich oder graue Farbtöne am häufigsten vorkommen.",http://www.w3id.org/archlink/terms/conservationthesaurus/C7F346
http://www.w3id.org/archlink/terms/conservationthesaurus/GGCA4G,Dolomit (Gestein),"großbkörniges, sedimentäres Gestein, das hauptsächlich aus dem gleichnamigen Mineral besteht. Die genaue Bildung von Dolomit ist nicht geklärt, jedoch kommen sie ausschließlich in marinen Sedimentabfolgen vor. Farbe, Korngröße und Gefüge ähneln den Kalksteinen, jedoch ist Dolomit härter und weniger reaktiv gegenüber Säuren.",http://www.w3id.org/archlink/terms/conservationthesaurus/C7F346
http://www.w3id.org/archlink/terms/conservationthesaurus/GG4BF9,Bentonit,"polymineralisches Sedimentgestein, welches durch die Verwitterung von vulkanischer Asche oder Gläsern entsteht. Hauptbestandteil ist das Mineral Montmorillonit, mit Beimengungen von u.A. Quarz, Feldspäten, Pyrit und Biotit. Abhängig von der mineralischen Zusammensetzung treten Farben zwischen weiß, gelb, grünlich, grau bis braun auf.  Bentonit ist ein sehr weiches Gestein mit einer körnigen Textur und einem matten Oberflächenglanz",http://www.w3id.org/archlink/terms/conservationthesaurus/C7F346
http://www.w3id.org/archlink/terms/conservationthesaurus/ACD56G,eisenreiches Sedimentit,"sedimentäres Gestein mit einem Eisengehalt von mehr als 15%. Als eisenmineralien sind häufig u.A. Limonit, Hämatit, Magnetit, Siderit und/oder Pyrit enthalten.",http://www.w3id.org/archlink/terms/conservationthesaurus/C7F346
http://www.w3id.org/archlink/terms/conservationthesaurus/G734B3,Gips (Gestein),"hauptsächlich in weißen Färbungen vorkommendes Gestein, aber auch gelbe, rote, braune, graue bis schwarze Färbungen sind möglich. Bei Gips wird der Name sowohl für das Gestein, als auch das Mineral gleichermaßen verwendet. Gips als Gestein tritt häufig in Wechsellagerung mit Steinsalz, Dolomiten und bituminösen Tongesteinen auf. Die Strukur des Gipses als Gestein zeigt häufig eine stark gewellte, verbogene Schichtung (""Gekrösegips""). Im Gegensatz zu Kalkstein oder Dolomit ist Gips deutlich weicher und kann daher durch Härteprüfung leicht von diesen unterschieden werden.",http://www.w3id.org/archlink/terms/conservationthesaurus/C7F346
http://www.w3id.org/archlink/terms/conservationthesaurus/ABB166,Metamorphit,"Überbegriff für Gesteine, die durch Umwandlung anderer Gesteine (z.B. Magmatite oder Sedimentgesteine) in den Tiefen der Erdkruste, aufgrund des dort herrschenden Drucks und steigenden Temperaturen, entstanden sind.",http://www.w3id.org/archlink/terms/conservationthesaurus/D866AD
http://www.w3id.org/archlink/terms/conservationthesaurus/F85G77,Amphibolit,"metamorphes Gestein, welches hauptsächlich aus Amphibolen und Feldspat besteht. Aufgrund des besonders hohen Vorkommens von Hornblende als Hauptbestandteil, wird der Amphibolit im deutschsprachigen Raum auch als Hornblendegestein bezeichnet. Je nach Zusammensetzung sind grau, graugrüne oder schwarzgrüne Farbigkeiten möglich, wobei durch einen hohen Anteil von Plagioklasen-Feldspäten auch ein weiß gepunktetes Aussehen zu finden ist. Die Textur ist als kristallin bis schiefrig zu bezeichnen mit mittel- bis grobkörnigen Korngrößen.",http://www.w3id.org/archlink/terms/conservationthesaurus/ABB166
http://www.w3id.org/archlink/terms/conservationthesaurus/G63684,Serpentinit,"metamorphes Gestein mit den mineralischen Hauptbestandteilen Serpentin, Olivin und Pyroxen. Zeigt häufig hell grünlich-graue bis dunkelgrüne Färbungen, aber auch rötliche Töne im Falle von Mangan-Gehalten. Auch fleckige, gebändert bis gestreifte oder völlig unregelmäßige Farbgebungen sind möglich. Die Textur kann schuppig, stumpf oder seidig-glänzend sein.",http://www.w3id.org/archlink/terms/conservationthesaurus/ABB166
http://www.w3id.org/archlink/terms/conservationthesaurus/BAB939,Marmor,"metamorphes Gestein, welches überwiegend aus Calcit und/oder Dolomit besteht und durch unterschiedliche Metamorphosebedingungen entstanden sein kann. Die Farbigkeit kann von schneeweiß über grau, schwarz, blassgelb, braun, rosa, dunkelrot, bläulich, lila bis grünlich reichen. Häufig sind Mehrfarbigkeiten in Form von Flecken, einheitlichen Bänderungen oder willkürliche ""Marmorierung"" zu beobachten. In der Industrie werden häufig alle Karbonatgesteine als ""Marmor"" bezeichnet, in der hier vorliegenden Definition ist jedoch die streng petrographische Definition des Begriffs, als Gestein mit kristallinem Gefüge das eine Metamorphose erfahren hat, gemeint.",http://www.w3id.org/archlink/terms/conservationthesaurus/ABB166
http://www.w3id.org/archlink/terms/conservationthesaurus/D6959D,Quarzit,"metamorphoses Gestein, welches zu mindestens 80% aus Quarz besteht. Die metamorphosen Bedingungen, unter denen sich der Quarzit bildet, können dabei ganz unterschiedlich sein. Durch den hohen Quarzanteil tritt der Quarzit vorallem in weißlicher Farbe auf, kann jedoch auch in jeder anderen Farbe, wie grau, rot oder braun, vorkommen. Die Struktur und Textur ist fein lamelliert bis massig und Schieferungen sind undeutlich ausgebildet oder fehlen ganz.",http://www.w3id.org/archlink/terms/conservationthesaurus/ABB166
http://www.w3id.org/archlink/terms/conservationthesaurus/DF1279,Speckstein,"metamorphoses Gestein, das nahezu ausschließlich aus dem Mineral Talk besteht. Speckstein zeichnet sich, aufgrund des hohen Talkgehaltes, durch seine Weichheit, leichte Bearbeitbarkeit und eine glatte, fettige Oberfläche aus. Die Farbe ist meist lichtgrau.",http://www.w3id.org/archlink/terms/conservationthesaurus/ABB166
http://www.w3id.org/archlink/terms/conservationthesaurus/C4BCF8,Zustandserfassung,methodische Untersuchung zur Ermittlung und Einschätzung des Erhaltungszustandes eines Objektes zu einem definierten Zeitpunkt,
http://www.w3id.org/archlink/terms/conservationthesaurus/D9G51G,Erhaltungszustand,Zustand eines Objektes zu einem bestimmten Zeitpunkt. Wird durch verschiedene zur Verfügung stehende Objektuntersuchungen ermittelt und durch die dabei festgestellten Ergebnisse/Beobachtungen beschrieben. Auch die bisherige Lagerung eines Objektes gibt erste Hinweise auf den zu erwartenden Erhaltungszustund,http://www.w3id.org/archlink/terms/conservationthesaurus/C4BCF8
http://www.w3id.org/archlink/terms/conservationthesaurus/A4G52F,Einlieferungszustand,Erhaltungszustand eines Objektes zum Zeitpunkt der Einlieferung in die Restaurierungswerkstatt,http://www.w3id.org/archlink/terms/conservationthesaurus/D9G51G
http://www.w3id.org/archlink/terms/conservationthesaurus/C2488A,Endzustand,Erhaltungszustand eines Objektes nach Abschluss der praktisch durchgeführten Konservierungs- und Restaurierungsmaßnahmen sowie Überprüfung in wie fern das zuvor festgelegte Restaurierung-/Konservierungsziel erreicht werden konnte.,http://www.w3id.org/archlink/terms/conservationthesaurus/D9G51G
http://www.w3id.org/archlink/terms/conservationthesaurus/DBC278,Bisherige Lagerung,Bisheriger Verbleib und Aufbewahrung von Artefakten seit ihrer Entdeckung oder Ausgrabung bis zur gegenwärtigen Zeit.,http://www.w3id.org/archlink/terms/conservationthesaurus/C4BCF8
http://www.w3id.org/archlink/terms/conservationthesaurus/C7C3B7,Grabungsfrischer Fund,Das Objekt wurde im direkten Anschluss seiner Bergung von der Grabung in die Restaurierungswerkstatt eingeliefert,http://www.w3id.org/archlink/terms/conservationthesaurus/DBC278
http://www.w3id.org/archlink/terms/conservationthesaurus/FC3322,Ausstellungsentnahme,Das Objekt war ausgestellt und wurde zur Bearbeitung aus der Ausstellung/der Vitirine entnommen.,http://www.w3id.org/archlink/terms/conservationthesaurus/DBC278
http://www.w3id.org/archlink/terms/conservationthesaurus/GC6983,Rückgabe aus Leihverkehr,Das Objekt war an eine andere Einrichtung verliehen und kommt im Zuge der Rückgabe zur Evaluierung des Zustandes in die Restaurierungswerkstatt.,http://www.w3id.org/archlink/terms/conservationthesaurus/DBC278
http://www.w3id.org/archlink/terms/conservationthesaurus/F52262,Depotlagerung,Das Objekt wurde bis zur Einlieferung in die Restaurierungswerkstatt im Museumsdepot aufbewahrt,http://www.w3id.org/archlink/terms/conservationthesaurus/DBC278
http://www.w3id.org/archlink/terms/conservationthesaurus/A8ABBA,klimatisierte Lagerung,"Das Objekt wurde bis zur Einlieferung in die Restaurierungswerkstatt unter kontrollierten, klimatischen Bedingungen aufbewahrt.",http://www.w3id.org/archlink/terms/conservationthesaurus/DBC278
http://www.w3id.org/archlink/terms/conservationthesaurus/C948F2,Gefrierschrank,Die bisherige Lagerung des Objektes erfolgte tiefgefroren in einem Gefrierschrank,http://www.w3id.org/archlink/terms/conservationthesaurus/A8ABBA
http://www.w3id.org/archlink/terms/conservationthesaurus/D21459,Kühlschrank,Die bisherige Lagerung des Objektes erfolgte gekühlt in einem Kühlschrank,http://www.w3id.org/archlink/terms/conservationthesaurus/A8ABBA
http://www.w3id.org/archlink/terms/conservationthesaurus/C2241C,Klimaraum,"Das Objekt lagerte bisher in einem Raum, der über eine kontrollierte Klimaregulierung verfügte und auf für das Objekt optimale klimatische Bedingungen eingestellt war",http://www.w3id.org/archlink/terms/conservationthesaurus/A8ABBA
http://www.w3id.org/archlink/terms/conservationthesaurus/A2BB42,klimatisierte Individualverpackung,"Das Objekt lagerte in einer individuellen Verpackung, die z.B. mittels Trockenmittel oder anderen Reagenzien auf einen speziellen Klimarwert eingestellt war.",http://www.w3id.org/archlink/terms/conservationthesaurus/A8ABBA
http://www.w3id.org/archlink/terms/conservationthesaurus/G79CA9,unklimatisierte Lagerung,"Die Lagerung erfolgte ohne spezielle auf das Objekt abgestimmte, kontrollierte klimatische Bedingungen",http://www.w3id.org/archlink/terms/conservationthesaurus/DBC278
http://www.w3id.org/archlink/terms/conservationthesaurus/CA1BC5,Objektuntersuchung,"Beschaffung und Sammlung von Informationen über den Zustand eines Objektes, anhand derer das Restaurierungs-/Konservierungskonzept und/oder die weiteren Lagerungs- und Handhabungsempefehlungen formuliert werden",http://www.w3id.org/archlink/terms/conservationthesaurus/C4BCF8
http://www.w3id.org/archlink/terms/conservationthesaurus/BC5B57,[Untersuchungsergebnisse],strukturierender Sammelbegriff für die Benennung der bei der Objektuntersuchung festgestellten Beobachtungen und Auswertungen hinsichtlich der Gesamtbeschaffenheit des Objektes und dessen Ursache,http://www.w3id.org/archlink/terms/conservationthesaurus/CA1BC5
http://www.w3id.org/archlink/terms/conservationthesaurus/GD172G,Materialbestimmung,"Identifizierung des (der) Material(ien), aus dem (denen) das Objekt besteht.",http://www.w3id.org/archlink/terms/conservationthesaurus/BC5B57
http://www.w3id.org/archlink/terms/conservationthesaurus/D6BCC2,Technologischer Befund,"Identifizierung der Techniken, Verfahren und Konstruktionsprinzipien, die zur Herstellung des Objektes eingesetzt wurden.",http://www.w3id.org/archlink/terms/conservationthesaurus/BC5B57
http://www.w3id.org/archlink/terms/conservationthesaurus/F8F594,Herstellungstechnik,basierend auf den festgestellten Spuren angenommene Art und Weise wie das Objekt hergestellt worden ist,http://www.w3id.org/archlink/terms/conservationthesaurus/D6BCC2
http://www.w3id.org/archlink/terms/conservationthesaurus/A15F83,Fügetechnik,"Oberbegriff für Techniken, die zwei oder mehr Teile mit einander verbindet.",http://www.w3id.org/archlink/terms/conservationthesaurus/F8F594
http://www.w3id.org/archlink/terms/conservationthesaurus/G6GG4C,gelötet,"Fügetechnik, bei der metallische Werkstücke durch geschmolzene metallische Bindemittel (Lote) stoffschlüssig verbunden werden. Dabei wird die zu lötende Stelle erhitzt, bis das Lot schmilzt und die Fuge der Verbindungsstelle ausfüllt. Die zu verbindenden Metalle bleiben während der Lötung im festen Zustand und werden durch die Diffusion des geschmolzenen Lotes verbunden.",http://www.w3id.org/archlink/terms/conservationthesaurus/A15F83
http://www.w3id.org/archlink/terms/conservationthesaurus/G3GB79,hartgelötet,"Lötung mit hochschmelzenden Loten (Hartloten), bei einer Arbeitstemperatur über 650°C.",http://www.w3id.org/archlink/terms/conservationthesaurus/G6GG4C
http://www.w3id.org/archlink/terms/conservationthesaurus/B7A13A,weichgelötet,"Lötung mit niedrigschmelzenden Loten (Weichloten), bei einer Arbeitstemperatur unterhalb 450°C.",http://www.w3id.org/archlink/terms/conservationthesaurus/G6GG4C
http://www.w3id.org/archlink/terms/conservationthesaurus/BABA94,geschweißt,"stoffschlüssige Fügetechnik, bei der Materialien mit annähernd gleichem Schmelzintervall durch Wärme und/oder Druck in einen flüssigen oder plastischen Zustand versetzt werden, um sie miteinander zu vereinigen. Dabei kann mit oder ohne Zusatzwerkstoffen oder Flussmitteln gearbeitet werden.",http://www.w3id.org/archlink/terms/conservationthesaurus/A15F83
http://www.w3id.org/archlink/terms/conservationthesaurus/DA7G45,angegossen,,http://www.w3id.org/archlink/terms/conservationthesaurus/A15F83
http://www.w3id.org/archlink/terms/conservationthesaurus/C388AA,Überfangguss,,http://www.w3id.org/archlink/terms/conservationthesaurus/DA7G45
http://www.w3id.org/archlink/terms/conservationthesaurus/AC92GG,Millefiori,,http://www.w3id.org/archlink/terms/conservationthesaurus/A15F83
http://www.w3id.org/archlink/terms/conservationthesaurus/FB76BC,geklebt,"Fügetechnik, bei der Werkteile mit Hilfe von flüssigen, pastenartigen oder festen Werkstoffen (Klebstoffe) mit einander verbunden werden. Die Haftung entsteht dabei aus Adhäsionskräften zwischen Klebstoff und Verbundfläche und Kohäsionskräften zwischen den Molekülen innerhalb des Klebstoffes.",http://www.w3id.org/archlink/terms/conservationthesaurus/A15F83
http://www.w3id.org/archlink/terms/conservationthesaurus/F988F4,gekittet,"Fügetechnik, bei der Werkstücke mit Hilfe von festen Klebstoffen (Kitt) miteinander verbunden werden. Der Kitt wird in schmelzflüssiger Form auf die zu verbindenden Werkteile aufgetragen und erstarrt beim anschließenden Abkühlen. Auf diese Art bildet sich eine feste Verbindung, die durch erneutes Erwärmen des Kittes leicht wieder gelöst werden kann. Verkittungen werden oft eingesetzt, um größere Zwischenräume zu füllen, Fugen abzudichten oder als Unterlage für Treib-, Gravur- oder Ziselierarbeiten.",http://www.w3id.org/archlink/terms/conservationthesaurus/A15F83
http://www.w3id.org/archlink/terms/conservationthesaurus/G887B8,genietet,"Fügetechnik, bei der zwei Werkteile durch ein oder mehrere Nietstifte fest miteinander fixiert werden. Der Niet wird dafür in ein entsprechend vorbereites Loch durch beide Werkteile geführt und seine Enden aufgeweitet, wobei die Nietköpfe in unterschiedlichen Arten ausgeformt sein können (Senkniet, Halbrundniet, Flachniet, etc.). Häufig wurde der Setzkopf (Nietkopf) auf einer Seite des Nietes bereits bei der Herstellung des Nietes angelegt, im Goldschmiedehandwerk z.B. durch Anschmelzen eines Kügelchens. Bei Vernietungen mit einem Niet, sind die Werkteile unlösbar mit einander verbunden, jedoch weiterhin um den Niet herum beweglich. Bei mehreren Nieten werden die beiden Werketeile starr miteinander verbunden, sodass keine Bewegung mehr möglich ist.",http://www.w3id.org/archlink/terms/conservationthesaurus/A15F83
http://www.w3id.org/archlink/terms/conservationthesaurus/C5FAFF,verstiftet,"Fügetechnik, bei der zwei Werkteile durch das Einführen und Fixieren eines Scharnierstiftes in ein Scharnier (oder eine ähnliche Bewegung) mit einander verbunden werden. Um den Scharnierstift zu fixieren, werden seine Enden wie bei einem Niet breitgeschmiedet. Dabei kann eines der Enden bereits vor dem Einführen des Stiftes verbreitert worden sein, im Goldschmiedehandwerk z.B. etwa durch Anschmelzen eines Kügelchens o.Ä. Im Gegensatz zur Vernietung handelt es sich bei verstifteten Verbindungen in der Regel um bewegliche Verbindungen.",http://www.w3id.org/archlink/terms/conservationthesaurus/A15F83
http://www.w3id.org/archlink/terms/conservationthesaurus/B5D998,verschraubt,"Verbindungstechnik, bei der zwei oder mehr Teile durch das Eindrehen einer Schraube miteinander verbunden werden. Dabei wird die Schraube in ein entsprechendes Gewinde des Werkstücks oder einer Mutter eingeführt, wodurch eine feste und sichere Verbindung entsteht.",http://www.w3id.org/archlink/terms/conservationthesaurus/A15F83
http://www.w3id.org/archlink/terms/conservationthesaurus/A6CD9G,gefalzt,,http://www.w3id.org/archlink/terms/conservationthesaurus/A15F83
http://www.w3id.org/archlink/terms/conservationthesaurus/AFFB47,gebördelt,"umformendes Fertigungsverfahren, bei dem der Rand eines Blechs durch plastische Verformung um eine Schlagunterlage gebogen wird. Es dient zur Verstärkung von Kanten, zur Verbindung von Bauteilen oder zur Herstellung einer glatten und sicheren Abschlusskante.",http://www.w3id.org/archlink/terms/conservationthesaurus/A15F83
http://www.w3id.org/archlink/terms/conservationthesaurus/FC7874,gesteckt,,http://www.w3id.org/archlink/terms/conservationthesaurus/A15F83
http://www.w3id.org/archlink/terms/conservationthesaurus/B61CC6,geklammert,,http://www.w3id.org/archlink/terms/conservationthesaurus/A15F83
http://www.w3id.org/archlink/terms/conservationthesaurus/G4B128,geklemmt,,http://www.w3id.org/archlink/terms/conservationthesaurus/A15F83
http://www.w3id.org/archlink/terms/conservationthesaurus/F93B74,laminiert,,http://www.w3id.org/archlink/terms/conservationthesaurus/A15F83
http://www.w3id.org/archlink/terms/conservationthesaurus/A2B2CD,gedübelt,,http://www.w3id.org/archlink/terms/conservationthesaurus/A15F83
http://www.w3id.org/archlink/terms/conservationthesaurus/BD18A1,genagelt,,http://www.w3id.org/archlink/terms/conservationthesaurus/A15F83
http://www.w3id.org/archlink/terms/conservationthesaurus/ABAD42,gezapft,,http://www.w3id.org/archlink/terms/conservationthesaurus/A15F83
http://www.w3id.org/archlink/terms/conservationthesaurus/D6DFDB,geflochten,"Verbindungstechnik, bei der drei oder mehrere Fäden, Drähte oder Bänder durch systematisches Überkreuzen zu einem textilen Gewebe verbunden werden. Je nach Art der Verflechtungen lassen sich Systeme in zwei oder mehrere Richtungen sowie zwei- oder auch dreidimensionales Flechten unterscheiden. Häufiges Produkt der Flechttechnik sind Zöpfe, Kordeln bis hin zu flächigen Textilgebilden.",http://www.w3id.org/archlink/terms/conservationthesaurus/A15F83
http://www.w3id.org/archlink/terms/conservationthesaurus/D9G8B5,verdrillt,"Verbindungstechnik, bei der zwei oder mehr Fasern, Drähte oder Fäden durch einfaches Verdrehen von Hand miteinander verbunden werden. Diese Technik wird häufig bei der Herstellung von Seilen oder Kordeln angewendet, um die Zugfestigkeit und Stabilität des Materials zu erhöhen. Durch die Verdrehung entsteht eine gleichmäßige, widerstandsfähige Struktur, die je nach Material und Stärke der Verdrillung in ihrer Festigkeit und Elastizität variieren kann.",http://www.w3id.org/archlink/terms/conservationthesaurus/A15F83
http://www.w3id.org/archlink/terms/conservationthesaurus/G859A7,gesponnen,"textile Fertigungstechnik, bei der Fasern oder Haare (z.B. Wolle) durch Verdrehen zu einem kontinuierlichen Faden verarbeitet werden. Dieser Prozess kann mechanisch oder manuell erfolgen und dient dazu, lose Fasern zu einem festen, belastbaren und verarbeitungsfähigen Faden zu verbinden. Gesponnene Garne bilden die Grundlage für textile Gewebe, Strickwaren oder Seile und können je nach Verwendungszweck in ihrer Feinheit, Festigkeit und Elastizität variieren.",http://www.w3id.org/archlink/terms/conservationthesaurus/A15F83
http://www.w3id.org/archlink/terms/conservationthesaurus/D9165B,verzwirnt,"kontrollierterer und gezielterer Fertigungsprozess, zur Herstellung von Garnen/Zwirn. Dabei werden zwei oder mehr gesponnene Einzelfäden mit entgegengesetzter Drehrichtung fest miteinander verdreht (Z- oder S-Drehung), um eine stabile, gleichmäßige und glattere Struktur mit höherer Festigkeit und Elastizität zu erzeugen.",http://www.w3id.org/archlink/terms/conservationthesaurus/A15F83
http://www.w3id.org/archlink/terms/conservationthesaurus/CAF8AF,gewebt,"textile Fertigungstechnik, bei der zwei Fadensysteme, Kette und Schuss, rechtwinklig ineinander verflochten werden, um ein stabiles Gewebe zu erzeugen. Dabei werden die Kettfäden in einem Webrahmen oder einer Webmaschine gespannt, während der Schussfaden durch sie hindurchgeführt wird.",http://www.w3id.org/archlink/terms/conservationthesaurus/A15F83
http://www.w3id.org/archlink/terms/conservationthesaurus/CF39DD,Leinwandbindung,"einfache Grundbindung in der Webtechnik, bei der jeder Schussfaden abwechselnd über und unter den Kettfäden verläuft. Diese dichte Verkreuzung sorgt für eine gleichmäßige, strapazierfähige Gewebestruktur mit hoher Reißfestigkeit. Aufgrund ihrer Robustheit und Vielseitigkeit wird die Leinwandbindung für eine Vielzahl von Textilien verwendet, darunter Baumwollstoffe, Leinen, Seide und technische Gewebe.",http://www.w3id.org/archlink/terms/conservationthesaurus/CAF8AF
http://www.w3id.org/archlink/terms/conservationthesaurus/FB7AB6,Kompositbindung,"Gewebebindung, die sich auch verschiedenen Grundbindungsprinzipien und deren Ableitungen oder aus einem Grundgewebe und zusätzlichen Fadensystemen zusammensetzen.",http://www.w3id.org/archlink/terms/conservationthesaurus/CAF8AF
http://www.w3id.org/archlink/terms/conservationthesaurus/DD149D,Köperbindung,"textile Grundbindung, die durch eine diagonale Struktur im Gewebe gekennzeichnet ist. Sie entsteht, indem der Schussfaden in einem regelmäßigen Versatz über mindestens zwei Kettfäden hinweggeführt und dann unter mindestens einen Kettfaden hindurchgeführt wird.",http://www.w3id.org/archlink/terms/conservationthesaurus/CAF8AF
http://www.w3id.org/archlink/terms/conservationthesaurus/G49676,Ripsbindung,"Abwandlung der Leinwandbindung, bei der durch eine gezielte Variation der Kett- oder Schussfäden eine gerippte Struktur entsteht, bei der nur eines der Fadensysteme sichtbar erscheint. Diese Rippen verlaufen entweder in Längsrichtung (Kettenrips) oder in Querrichtung (Schussrips) und verleihen dem Gewebe eine höhere Festigkeit sowie eine markante Oberflächenstruktur",http://www.w3id.org/archlink/terms/conservationthesaurus/CAF8AF
http://www.w3id.org/archlink/terms/conservationthesaurus/FF5836,Atlasbindung,"textile Grundbindung, bei der die Verkreuzung von Kett- und Schussfäden eine glatte und glänzende Oberfläche erzeugt. Diese entsteht, indem der Schussfaden über mindestens vier Kettfäden hinweg verläuft um dann mit dem fünften Kettfaden zu binden. Die Bindungspunkte liegen dabei weit auseinander ohne sich zu berühren, wordurch sich eine äußerst dichte, weich fließende Struktur ergibt.",http://www.w3id.org/archlink/terms/conservationthesaurus/CAF8AF
http://www.w3id.org/archlink/terms/conservationthesaurus/B2CC48,gefilzt,"Technik bei der Fasern, meist aus Wolle oder anderen tierischen Haaren, durch mechanische Bearbeitung und Feuchtigkeit miteinander verbunden werden, ohne dass ein zusätzliches Bindemittel erforderlich ist. Durch Walken, Pressen oder Nadelfilzen verhaken sich die Fasern dauerhaft und bilden eine dichte, textile Struktur.",http://www.w3id.org/archlink/terms/conservationthesaurus/A15F83
http://www.w3id.org/archlink/terms/conservationthesaurus/D1CA6B,geknotet,"Fertigungstechnik, bei der zwei oder mehrere Fäden durch straffes Anziehen von Schleifen, Verschlingungen oder Maschen miteinander verbunden werden. Knotungen können zur einfachen Verbindung loser Enden oder zur Bildung flächiger Gewebe verwendet werden.",http://www.w3id.org/archlink/terms/conservationthesaurus/A15F83
http://www.w3id.org/archlink/terms/conservationthesaurus/C79172,geknüpft,"spezielle Knotentechnik zur Stoffbildung, bei der Fäden in einer systematischen sich wiederholenden Anordnung so miteinander oder in bestehende Grundgewebe verknotet werden, dass Muster und/oder flächige textile Strukturen entstehen.",http://www.w3id.org/archlink/terms/conservationthesaurus/D1CA6B
http://www.w3id.org/archlink/terms/conservationthesaurus/D96833,gestrickt,"Fertigungstechnik, bei der ein fortlaufender Faden mit Hilfe von Stricknadeln oder einer Maschine mit sich selbst zu einem flexiblen Maschengewebe verarbeitet wird. Dabei wird der Faden zu einzelnen Maschenreihen geformt, die ineinander verschlungen werden. Auf diese Weise entsteht ein dehnbares und elastisches Gewebe, welches sich in Muster und Struktur variieren lässt. Stricken ist eng verwandt mit der Technik des Häkelns, wobei der Unterschied in der Anzahl verwendeter Nadeln und aktiver Maschen liegt. Beim Stricken kommen zwei oder mehr Nadeln zum Einsatz, wobei jeweils mehrere Maschen gleichzeitig auf der Nadel gehalten werden.",http://www.w3id.org/archlink/terms/conservationthesaurus/A15F83
http://www.w3id.org/archlink/terms/conservationthesaurus/B24ADG,gehäkelt,"Fertigungstechnik, bei der ein fortlaufender Faden durch Bilden von Schlingen und Maschen zu einem flexiblen Gewebe verarbeitet wird. Dabei können eine Reihe unterschiedlicher Maschenformen (Luftmaschen, Kettenmaschen, feste Maschen, etc.) variiert und kombiniert werden, wodurch sich eine dichte, oft strukturierte Oberfläche mit vielfältigen Mustermöglichkeiten ergibt. Die Technik kann dabei nur mit den Fingern oder mit Hilfe einer speziellen Nadel mit kleinem Häkchen ausgeführt werden. Häkeln ist eng verwandt mit Stricken. Im Unterschied zum Stricken wird beim Häkeln jedoch nur eine einzelne Häkelnadel (oder Finger) genutzt, wodurch stets nur eine Masche aktiv bearbeitet wird und ein dichteres und stabileres Gewebe entsteht.",http://www.w3id.org/archlink/terms/conservationthesaurus/A15F83
http://www.w3id.org/archlink/terms/conservationthesaurus/AGG387,formgebende Technik,"Oberbegriff für Verfahren und Methoden, mit denen Materialien in eine gewünschte Form gebracht werden.",http://www.w3id.org/archlink/terms/conservationthesaurus/F8F594
http://www.w3id.org/archlink/terms/conservationthesaurus/BA1BB6,gemeißelt,,http://www.w3id.org/archlink/terms/conservationthesaurus/AGG387
http://www.w3id.org/archlink/terms/conservationthesaurus/BC92AG,gesägt,"spangebendes Trennverfahren, bei dem ein Werkstück mithilfe eines sägeartigen Werkzeugs durch eine Vielzahl feiner Schneidzähne bearbeitet wird. Dabei werden durch kreisförmige oder gerade Schnittbewegungen Materialspäne entlang der Trennlinie abgetragen, um das Werkstück in die gewünschte Form oder Größe zu bringen. Dieses Verfahren eignet sich für eine Vielzahl von Materialien und wird mit unterschiedlichen Ausführungen von Werkzeugen wie Handsägen, Bandsägen oder Kreissägen durchgeführt.",http://www.w3id.org/archlink/terms/conservationthesaurus/AGG387
http://www.w3id.org/archlink/terms/conservationthesaurus/AC319F,gebohrt,"spangebendes Fertigungsverfahren, bei dem mit einem rotierenden Werkzeug (Bohrer) zylindrische Löcher in ein Werkstück eingebracht werden. Dabei wird Material durch eine Kombination aus Vorschubbewegung und Rotation des Bohrers entfernt. Es ist ein grundlegendes Verfahren zur Herstellung von Öffnungen in Metall, Holz, Kunststoff oder anderen Materialien.",http://www.w3id.org/archlink/terms/conservationthesaurus/AGG387
http://www.w3id.org/archlink/terms/conservationthesaurus/C3FGBG,gefeilt,"spangebendes Formungserfahren, bei dem Material von der Oberfläche eines Werkstücks durch die wiederholte Bewegung eines Werkzeugs (Feile) mit vielen kleinen, scharfen Schneidezähnen entfernt wird. Es dient zur Formgebung oder Glättung von Werkstücken aus Metall, Holz oder Kunststoff. Als Werkzeuge für dieses Verfahren kommen eine Reihe verschieden geformter und mit feiner oder gröberen Hieb versehener Feilen zum Einsatz.",http://www.w3id.org/archlink/terms/conservationthesaurus/AGG387
http://www.w3id.org/archlink/terms/conservationthesaurus/G56825,gefräst,"spangebendes Fertigungsverfahren, bei dem Material von einem Werkstück durch die rotierende Bewegung eines mehrschneidigen Werkzeugs (Fräser) bei gleichzeitig verlaufender Vorschubbewegung abgetragen wird. Dabei kann der Fräser und/oder das Werkstück in verschiedenen Achsen bewegt werden, um komplexe Geometrien und Oberflächen herzustellen. Dieses Verfahren wird häufig zur Formgebung von Metallen, Kunststoffen und anderen Werkstoffen eingesetzt, wobei je nach Material und angestrebter Form unterschiedlich geformte Fräser eingesetzt werden.",http://www.w3id.org/archlink/terms/conservationthesaurus/AGG387
http://www.w3id.org/archlink/terms/conservationthesaurus/B4AFF6,durchgeschlagen,,http://www.w3id.org/archlink/terms/conservationthesaurus/AGG387
http://www.w3id.org/archlink/terms/conservationthesaurus/D642BC,geschabt,,http://www.w3id.org/archlink/terms/conservationthesaurus/AGG387
http://www.w3id.org/archlink/terms/conservationthesaurus/G7497F,geschliffen [Formgebung],"spanabhebendes Formungsverfahren, bei dem Material mit Hilfe von Schleifwerkzeugen (Schleifmittelträger, auf dem eine Vielzahl von harten Schleifkörnern in gebundener oder loser Form aufgebracht sind) von der Oberfläche eines Werkstücks entfernt wird. Dabei wirken die scharfen, geometrisch unbestimmten Kanten und Schneiden der Schleifkörner auf das Material ein und lösen dabei feine Späne ab. Dabei können mechanische Schleifmedien oder elektronisch rotierende Schleifwerkzeuge mit unterschiedlich groben/großen Schleifkörnern verwendet werden, je nach angestrebter Formgebung.",http://www.w3id.org/archlink/terms/conservationthesaurus/AGG387
http://www.w3id.org/archlink/terms/conservationthesaurus/ADB89D,gespalten,"Trennvorgang an Materialen (z.B Holz, Stein) oft unter Nutzung natürlicher Schwachstellen/Wachstumslinien/Sedimentlagern. Bei Holz wird der Spaltvorgang radial ausgeführt und folgt den Wachstumsstrukturen (Holzstrahlen). Daher werden die Holzstrahlen nicht verletzt/getrennt wie beim Sägen, das gewonnene Werkstück ist besonders stabil und bruchfest.",http://www.w3id.org/archlink/terms/conservationthesaurus/AGG387
http://www.w3id.org/archlink/terms/conservationthesaurus/D44BAD,gedreht,"spanabhebendes Fertigungsverfahren, bei dem das Werkstück auf einer Drehmaschine in Rotation versetzt wird, während ein einschneidiges Werkzeug Material abträgt. Die Formgebung erfolgt durch die quer zur Rotationsbewegung des Werkstücks ausgeführte Vorschubbewegung eines Werkzeugs entlang der Werkstückoberfläche, wodurch zylindrische, kegelförmige oder profilierte Bauteile hergestellt werden können. Dieses Verfahren wird häufig für die Bearbeitung von Metall, Kunststoff oder Holz eingesetzt und eignet sich besonders für die Herstellung rotationssymmetrischer Teile.",http://www.w3id.org/archlink/terms/conservationthesaurus/AGG387
http://www.w3id.org/archlink/terms/conservationthesaurus/BA73A2,gegossen,"Technik, bei der flüssiges Material in eine vorgefertigte Form eingefüllt oder auf eine Oberfläche aufgetragen wird. Das flüssige Material erstarrt dabei in der entsprechend vorgegebenen Form.",http://www.w3id.org/archlink/terms/conservationthesaurus/AGG387
http://www.w3id.org/archlink/terms/conservationthesaurus/CAB27G,Kokillen-Guss,"Gießverfahren, bei dem geschmolzenes Metall in eine wiederverwendbare, meist aus Stahl oder Gusseisen gefertigte Dauerform (Kokille) gegossen wird. Dieses Verfahren eignet sich besonders für die Herstellung von Halbzeugen wie Blech- oder Drahtrohlinge.",http://www.w3id.org/archlink/terms/conservationthesaurus/BA73A2
http://www.w3id.org/archlink/terms/conservationthesaurus/B9741A,Schalenguss,,http://www.w3id.org/archlink/terms/conservationthesaurus/BA73A2
http://www.w3id.org/archlink/terms/conservationthesaurus/BGC8F3,Guss in verlorener Form,"Oberbegriff für Gusstechniken, bei denen die Gussform zerstört werden muss, um das Werkstück entnehmen zu können, bzw. die Form nur einem einzigen Ausguss standhält.",http://www.w3id.org/archlink/terms/conservationthesaurus/BA73A2
http://www.w3id.org/archlink/terms/conservationthesaurus/D51358,Ossa-Sepia Guss,"Gusstechnik, bei der der Rückenschulp (Rückenschale) des gemeinen Tintenfischs (Sepia officinalis) als Formmaterial verwendet wird. Auf der einen Seite hat die Sepia eine dünne harte Kruste, auf der anderen Seite ist sie weich. Auf der weichen Seite kann durch Eindrücken eines Modells eine Negativform erstellt werden, die anschließend mit flüssigem Metall ausgegossen wird. Ebenfalls kann eine zweiteilige Form erstellt werden, indem die Sepiaschale quer durchgeschnitten und die weiche Seiteplaniert wird. Das Modell wird daraufhin so in beide Formhälften gedrückt, dass es in jeder Hälfte etwa bis zur Mitte eingebettet ist. Nach der Entnahme des Modells muss nun ein Einguss in die Sepiaschale geschnitten werden und beide Schalenhälften fest mit einer Klammer oder Draht zusammengepresst werden, bevor das heiße Metall eingefüllt werden kann. Die Form ist nicht wiederverwendbar, da das heiße Metall das weiche Sepiamaterial verbrennt.",http://www.w3id.org/archlink/terms/conservationthesaurus/BGC8F3
http://www.w3id.org/archlink/terms/conservationthesaurus/BBA1C7,Sandguss,"Gusstechnik, bei der die Negativform mit Hilfe eines speziellen Sandes, dem sog. ""Formsand"", hergestellt wird. Als Hilfmittel dient ein zweiteiliger Formrahmen, dessen beiden Hälften nacheinander so mit Formsand befüllt werden, dass ein Modell des Werkstückes zwischen den beiden Formrahmenhälften im Sand eingebettet ist. Damit sich der Sand entlang der Fuge zwischen den beiden Formrahmenhälften trennt und sich auch das Modell ohne Probleme entnehmen lässt, bedarf es eines Trennmittels, dem sog. ""Formpuder"", der aus dem Sporenstaub des Keulenbärlapps (Lycopodium) besteht. Durch einen Einguss wird heißes, flüssiges Metall in die so erstellte Negativform gefüllt, das in der Form erstarrt und auf diese Weise dessen Form im Positiven abbildet.",http://www.w3id.org/archlink/terms/conservationthesaurus/BGC8F3
http://www.w3id.org/archlink/terms/conservationthesaurus/CA4B11,Wachsausschmelzverfahren,"Gusstechnik, bei der ein aus Wachs geformtes Modell des Werkstücks mit Ton/Lehm (im modernen Verfahren auch mit anderen feuerfesten Materialien) ummantelt wird und das Wachs anschließend aus der Form herausgeschmolzen wird. Der entstandene Hohlraum dient dann als Gussform und wird mit flüssigem Metall ausgefüllt. Um das erkaltete Werkstück aus der Form entnehmen zu können, muss die Form zerstört werden. Das Wachsausschmelzverfahren ist eine der ältesten Gusstechniken des Goldschmiedehandwerkes und wurde bereits in der ""Schedula diversarum artium"" des Theophilus Presbyter (Buch III, Kapitel LXI) beschrieben.",http://www.w3id.org/archlink/terms/conservationthesaurus/BGC8F3
http://www.w3id.org/archlink/terms/conservationthesaurus/D75A3A,gebogen,"umformendes Fertigungsverfahren, bei dem ein metallisches Werkstückes durch die Einwirkung äußerer Kräfte in eine gezielt gekrümte Form gebracht wird, ohne Materialverlust. Die äußere Zone des Werkstoffes wird dabei gestreckt, während die innere Zone gestaucht wird. Mit Hilfe dieses formgebenden Verfahrens werden Rohre, Ösen, Profile und gewölbte Bleche sowie komplexere Werkstücken mit gebogener Formen hergestellt.",http://www.w3id.org/archlink/terms/conservationthesaurus/AGG387
http://www.w3id.org/archlink/terms/conservationthesaurus/B64825,geschmiedet,"umformendes Fertigungsverfahren von Metall, bei dem das Werkstück durch Schläge mit einem Hammer auf einem Amboss in die gewünschte Form gebracht wird. Bei der Eisen bzw. Stahlbearbeitung bezieht sich der Begriff in der Regel auf die Bearbeitung im glühenden Zustand, während er bei Nichteisenmetallen generell für spanlose Umformarbeiten des Querschnitts, unabhängig von der Temperatur des Werkstückes, verwendet wird. Je nach angestrebter Form werden unterschiedlich geformte Hämmer und Ambosse aus verschiedenen Materialien verwendet.",http://www.w3id.org/archlink/terms/conservationthesaurus/AGG387
http://www.w3id.org/archlink/terms/conservationthesaurus/D18BBG,getrieben,"spanloses Umformungsverfahren für Metalle zur Herstellung von Gefäßen und Hohlkörpern sowie zur Reliefgestaltung aus Blech. Dabei wird das Blech mit verschiedenen Hämmern oder Punzen auf weichen bzw. nachgiebigen Unterlagen (Holz, Filz, Leder, Blei, Kitt) oder auf unterschiedlichen Stahlambossen durch gezielte Schläge unter Verminderung der Blechdicke in die gewünschte Form gebracht. Die Bearbeitung erfolgt dabei im kalten Zustand, sodass in regelmäßigen Abständen ein Rekristalisationsglühen des verspannten Metallgefüges notwendig ist. Für dieses Formungsverfahren müssen die bearbeiteten Materialien eine ausreichende Dehnungsfähigkeit aufweisen, weshalb sich vor allem Edelmetalle und deren Legierungen, sowie Kupfer und Kupferlegierungen eignen.",http://www.w3id.org/archlink/terms/conservationthesaurus/AGG387
http://www.w3id.org/archlink/terms/conservationthesaurus/D74CG7,aufgezogen,"Treibtechnik, bei der ein Blech durch gezielte und genau dosierte Hammerschläge so gestaucht wird, dass sich sein Rand zwangsweise nach oben und innen wölbt. Auf diese Weise wird durch sich ständig wiederholendes Stauchen und Strecken ein Hohlkörper gebildet, dessen Ausgestaltung ""frei Hand"" geformt wird. Die Bearbeitung erfolgt dabei auf weicher (Holz) oder harter (Stahl) Unterlage, ohne Gegenform, die die endgültige Form des Hohlkörpers vorgibt.",http://www.w3id.org/archlink/terms/conservationthesaurus/D18BBG
http://www.w3id.org/archlink/terms/conservationthesaurus/A26FD8,aufgetieft,"Treibtechnik, bei der ein Blech in eine mehr oder weniger passende Gegenform (z.B. Stahlanke, Kitt, Holz, etc.) eingehämmert und auf diese Weise kalt umgeformt wird.",http://www.w3id.org/archlink/terms/conservationthesaurus/D18BBG
http://www.w3id.org/archlink/terms/conservationthesaurus/A8C667,geprägt,"formgebende Technik, bei der ein Material durch Druck mechanisch verformt wird, um eine reliefartige Strukur oder Muster zu erzeugen. Dabei wird ein Stempel, welcher entsprechend des Negativmotives ausgearbeitet ist, in das Material eingedrückt, wodurch sich dessen Materialstärke verändert. Das Relief kann einseitig oder beidseitig aufgepräft werden.",http://www.w3id.org/archlink/terms/conservationthesaurus/AGG387
http://www.w3id.org/archlink/terms/conservationthesaurus/ACG977,gepresst,,http://www.w3id.org/archlink/terms/conservationthesaurus/AGG387
http://www.w3id.org/archlink/terms/conservationthesaurus/F6543A,gedrückt,,http://www.w3id.org/archlink/terms/conservationthesaurus/AGG387
http://www.w3id.org/archlink/terms/conservationthesaurus/G45985,gezogen,"Umformverfahren, bei dem ein Werkstoff, meist Metall, durch die formgebende Öffnung eines Zieheisens gezogen wird. Dabei wird der Querschnitt des Materials verringert und seine Länge erhöht, ohne das Material zu trennen. Dieses Verfahren wird häufig zur Herstellung von Drähten, Rohren oder Profilen verwendet.",http://www.w3id.org/archlink/terms/conservationthesaurus/AGG387
http://www.w3id.org/archlink/terms/conservationthesaurus/A8B581,gedengelt,,http://www.w3id.org/archlink/terms/conservationthesaurus/AGG387
http://www.w3id.org/archlink/terms/conservationthesaurus/F1751B,geblasen,,http://www.w3id.org/archlink/terms/conservationthesaurus/AGG387
http://www.w3id.org/archlink/terms/conservationthesaurus/C16778,geschmolzen,,http://www.w3id.org/archlink/terms/conservationthesaurus/AGG387
http://www.w3id.org/archlink/terms/conservationthesaurus/ACA175,gewickelt,,http://www.w3id.org/archlink/terms/conservationthesaurus/AGG387
http://www.w3id.org/archlink/terms/conservationthesaurus/B4FD9B,gerollt,,http://www.w3id.org/archlink/terms/conservationthesaurus/AGG387
http://www.w3id.org/archlink/terms/conservationthesaurus/D6CAG4,Strip-twisting,,http://www.w3id.org/archlink/terms/conservationthesaurus/B4FD9B
http://www.w3id.org/archlink/terms/conservationthesaurus/BG73GA,Block-twisting,,http://www.w3id.org/archlink/terms/conservationthesaurus/B4FD9B
http://www.w3id.org/archlink/terms/conservationthesaurus/C5F279,modelliert,,http://www.w3id.org/archlink/terms/conservationthesaurus/AGG387
http://www.w3id.org/archlink/terms/conservationthesaurus/FGF4G9,scheibengedreht,,http://www.w3id.org/archlink/terms/conservationthesaurus/AGG387
http://www.w3id.org/archlink/terms/conservationthesaurus/D92DAG,handaufgebaut,,http://www.w3id.org/archlink/terms/conservationthesaurus/AGG387
http://www.w3id.org/archlink/terms/conservationthesaurus/AA5F82,Wulsttechnik,,http://www.w3id.org/archlink/terms/conservationthesaurus/D92DAG
http://www.w3id.org/archlink/terms/conservationthesaurus/G6FB44,Plattentechnik,,http://www.w3id.org/archlink/terms/conservationthesaurus/D92DAG
http://www.w3id.org/archlink/terms/conservationthesaurus/B28G12,nachgedreht,,http://www.w3id.org/archlink/terms/conservationthesaurus/AGG387
http://www.w3id.org/archlink/terms/conservationthesaurus/FFC35B,gedrechselt,,http://www.w3id.org/archlink/terms/conservationthesaurus/AGG387
http://www.w3id.org/archlink/terms/conservationthesaurus/G29AD2,geglättet,,http://www.w3id.org/archlink/terms/conservationthesaurus/AGG387
http://www.w3id.org/archlink/terms/conservationthesaurus/C61723,geschnitzt (Herstellungstechnik),,http://www.w3id.org/archlink/terms/conservationthesaurus/AGG387
http://www.w3id.org/archlink/terms/conservationthesaurus/F94C34,geraspelt,,http://www.w3id.org/archlink/terms/conservationthesaurus/AGG387
http://www.w3id.org/archlink/terms/conservationthesaurus/F22BD7,gehobelt,,http://www.w3id.org/archlink/terms/conservationthesaurus/AGG387
http://www.w3id.org/archlink/terms/conservationthesaurus/B437A9,gebeilt,,http://www.w3id.org/archlink/terms/conservationthesaurus/AGG387
http://www.w3id.org/archlink/terms/conservationthesaurus/C1A32C,geschnitten,,http://www.w3id.org/archlink/terms/conservationthesaurus/AGG387
http://www.w3id.org/archlink/terms/conservationthesaurus/B1B854,gespitzt,,http://www.w3id.org/archlink/terms/conservationthesaurus/AGG387
http://www.w3id.org/archlink/terms/conservationthesaurus/BAB7B3,gezahnt,,http://www.w3id.org/archlink/terms/conservationthesaurus/AGG387
http://www.w3id.org/archlink/terms/conservationthesaurus/BGFD79,gebrannt,,http://www.w3id.org/archlink/terms/conservationthesaurus/AGG387
http://www.w3id.org/archlink/terms/conservationthesaurus/C3D36A,reduzierender Brand,,http://www.w3id.org/archlink/terms/conservationthesaurus/BGFD79
http://www.w3id.org/archlink/terms/conservationthesaurus/DD6G2G,oxidierender Brand,,http://www.w3id.org/archlink/terms/conservationthesaurus/BGFD79
http://www.w3id.org/archlink/terms/conservationthesaurus/F2244D,Verzierungstechnik,"angenommene Methode(n), die zur Ausarbeitung der an dem Objekt festgestellten Verzierungselemente verwendet wurden",http://www.w3id.org/archlink/terms/conservationthesaurus/D6BCC2
http://www.w3id.org/archlink/terms/conservationthesaurus/B14C4A,emailliert,"Verzierungsmethode, bei der Glas bzw. eine glasartige Matrix auf eine Metalloberfläche oder in vorbereitete Zellen auf- bzw. eingeschmolzen wird.",http://www.w3id.org/archlink/terms/conservationthesaurus/F2244D
http://www.w3id.org/archlink/terms/conservationthesaurus/CG8188,Zellenemail,"Emailtechnik, bei der auf eine Grundplatte mit einem flachgewalzten, hochkant stehenden Draht Muster und Formen gebildet und mit Tragantlösung aufgeklebt oder mit Emaillot festgelötet werden. Die dadurch gebildeten Zellen werden anschließend als einzelne Farbflächen mit Email gefüllt. Im Unterschied zum Stegemail wird die über die Emailfläche herausstehende Drahtkante (Stege) bis auf die Ebene des Emails heruntergearbeitet, sodass eine ebene, geschlossene Fläche entsteht.",http://www.w3id.org/archlink/terms/conservationthesaurus/B14C4A
http://www.w3id.org/archlink/terms/conservationthesaurus/G1A3FB,Stegemail,Emailtechnik ähnlich dem Zellenemail. Auf eine Grundplatte werden flachgewalzte Drahtstücke hochkant stehend zu einem Muster gelegt und mit Tragantlösung aufgeklebt bzw. bei komplexeren Formen aufgelötet. Die durch diese Stege entstehenden Zellen werden mit Email gefüllt. Im Gegensatz zum Zellenemail bleiben die überstehenden Stege beim Stegemail erhalten und werden nicht auf die Ebene des Emails abgeschliffen.,http://www.w3id.org/archlink/terms/conservationthesaurus/B14C4A
http://www.w3id.org/archlink/terms/conservationthesaurus/DA226G,Grubenemail,"Emailtechnik, bei der in eine Grundplatte Vertiefungen (Gruben) eingebracht und anschließend mit Email gefüllt werden. Die Vertiefungen können dabei durch Gravieren, Meißeln, Ätzen, Feile oder andere materialabtragende Techniken erzeugt werden.",http://www.w3id.org/archlink/terms/conservationthesaurus/B14C4A
http://www.w3id.org/archlink/terms/conservationthesaurus/FB5C1F,Fensteremail,"Emailtechnik, bei der Emailschichten in Aussparungen durchbrochener Grundplatten oder in die Zwischenräume aus Stegen montierter Ornamente eingefüllt werden. Als Hinterlegung dienen Glimmer- oder dünne Metallfolien während des Schmelzvorganges, die im Anschluss von der Rückseite entfernt oder abgeschliffen werden. Die auf diese Weise entstehenden Werkstücke erinnern an farbige Fenster, die bei hindurchfallendem Licht eine prächtige leuchtende Optik zeigen.",http://www.w3id.org/archlink/terms/conservationthesaurus/B14C4A
http://www.w3id.org/archlink/terms/conservationthesaurus/G53328,Körperemail,"Emailtechnik, bei der ein dreidimensionaler Metallkörper vollständig mit Email überzogen wird.",http://www.w3id.org/archlink/terms/conservationthesaurus/B14C4A
http://www.w3id.org/archlink/terms/conservationthesaurus/D27B9A,Emailmalerei,"Emailtechnik, bei der auf einer mit opak-weißem Email überzogenen Grundfläche mit Metalloxidfarben ein Motiv aufgemalt wird. Durch den Brand im Ofen verbinden sich die Metalloxide mit der Glasmasse des Grundemails. Häufig wird abschließend noch eine dünne Schicht eines durchsichtigen Emails als Glasurüberzug aufgebracht.",http://www.w3id.org/archlink/terms/conservationthesaurus/B14C4A
http://www.w3id.org/archlink/terms/conservationthesaurus/A2FA1B,nielliert,"Verzierungstechnik, bei der Vertiefungen auf Metalloberflächen, meist aus Silber oder Gold mit hohem Feingehalt, mit einer schwarzen, metallhaltigen Schwefelmasse (Niello) ausgefüllt werden. Die Masse wird in die eingravierten oder geätzten Muster eingebracht und anschließend durch Erhitzen fixiert. Nach dem Abkühlen wird die Oberfläche poliert, sodass die glänzenden Metallflächen und die dunklen Niello-Einlagen ein kontrastreiches, dekoratives Erscheinungsbild ergeben.",http://www.w3id.org/archlink/terms/conservationthesaurus/F2244D
http://www.w3id.org/archlink/terms/conservationthesaurus/BA8198,Intarsieneinlage,"Verzierungstechnik, bei der Metalleinlagen in Holz oder Metall dekorativ eingebracht werden.",http://www.w3id.org/archlink/terms/conservationthesaurus/F2244D
http://www.w3id.org/archlink/terms/conservationthesaurus/BGC695,tauschiert,"Metall-Intarsia, bei der weiche Metalle unterschiedlicher Farben bzw. Legierungen in vorgearbeitete Vertiefungen einer härteren Metalloberfläche eingelegt werden. Die dünnen Drähte, Bleche oder anderen Formen werden mechanisch durch Hämmern, Pressen oder Anreiben fixiert. Auf diese Weise entstehen, durch den Farbunterschied zwischen Einlage- und Grundmetall, dekorative Muster.",http://www.w3id.org/archlink/terms/conservationthesaurus/BA8198
http://www.w3id.org/archlink/terms/conservationthesaurus/DF7759,graviert,"Verzierungstechnik, bei der Muster, Schriften oder Motive durch das Herausschneiden von Material aus der Oberfläche eines Werkstücks angefertigt werden. Diese Vertiefungen werden mithilfe von Sticheln erzeugt, wobei die Stichelspitze dabei einem spanabhebenden Keil entspricht. Dieser wird in einem schrägen Winkel auf das Metall aufgesetzt und mit Handkraft in das Metall eingedrückt sowie gleichzeitig vorwäts geschoben. Zur Erzeugung unterschiedlicher Furchen kommen Stichel unterschiedlicher Form und Breite zum Einsatz.",http://www.w3id.org/archlink/terms/conservationthesaurus/F2244D
http://www.w3id.org/archlink/terms/conservationthesaurus/FD6617,punziert,,http://www.w3id.org/archlink/terms/conservationthesaurus/F2244D
http://www.w3id.org/archlink/terms/conservationthesaurus/B9835A,geätzt,"Verzierungstechnik, bei der Muster oder bildliche Motive durch chemisches oder elektrochemisches Abtragen von Material in die Oberfläche eines Werkstücks eingebracht werden. Dazu wird die zu erhaltende Fläche mit einem säure- oder laugenresistenten und reversiblen Schutzlack abgedeckt, bevor die freigelegten Bereiche mithilfe von Ätzmitteln (z.B. Salpetersäure, Salzsäure, Königswasser oder Eisenchlorid) gezielt bearbeitet werden.",http://www.w3id.org/archlink/terms/conservationthesaurus/F2244D
http://www.w3id.org/archlink/terms/conservationthesaurus/FFFCB7,durchbrochen,,http://www.w3id.org/archlink/terms/conservationthesaurus/F2244D
http://www.w3id.org/archlink/terms/conservationthesaurus/BF6D19,gestempelt,,http://www.w3id.org/archlink/terms/conservationthesaurus/F2244D
http://www.w3id.org/archlink/terms/conservationthesaurus/A5C668,ziseliert,"Verzierungstechnik, bei der mit Profilpunzen und einem speziell geformtem Hammer - dem sog. ""Ziselierhammer"" - feine Muster, Figuren oder ganze Reliefs in eine Metalloberfläche getrieben werden. Das Material wird dabei zur Seite gedrückt und mit gezielten Hammerschlägen plastisch verformt.",http://www.w3id.org/archlink/terms/conservationthesaurus/F2244D
http://www.w3id.org/archlink/terms/conservationthesaurus/C9C527,granuliert,"Verzierungstechnik, bei der feine Metallkügelchen (Granalien), meist aus Gold oder Silber, auf der Oberfläche eines Werkstückes in regelmäßigen Mustern und ornamentalen Motiven aufgebracht werden.
Diese Kügelchen werden entweder durch Löten bzw. Schweißen auf der Metalloberfläche fixiert und erzeugen eine strukturierte, reliefartige Oberfläche. Granulation wird häufig in der Schmuckherstellung sowie in der antiken Kunst verwendet, um besonders filigrane und kunstvolle Effekte zu erzielen.",http://www.w3id.org/archlink/terms/conservationthesaurus/F2244D
http://www.w3id.org/archlink/terms/conservationthesaurus/BF3639,filigranverziert,"zarte Verzierungstechnik, bei der feine Drähte aus Metall, meist Gold oder Silber, zu filigranen Mustern oder ornamentalen Formen verarbeitet werden. Flachgewalzte Kordel- Gewinde und/oder Runddrähte werden zu komplexen Gebilden wie Ranken, Blumen oder geometrischen Motive, häufig mit symmetrischen und sich mehrfach wiederholenden Elementen, gebogen und entweder zu einem eigenständigen Netzwerk miteinander verlötet oder direkt auf ein zu verzierendes Werkstück aufgelötet. Die Technik zeichnet sich durch eine ausgesprochen präzise, elegante Ausführung und Detailreichtum aus.",http://www.w3id.org/archlink/terms/conservationthesaurus/F2244D
http://www.w3id.org/archlink/terms/conservationthesaurus/F396G6,bemalt,"Verzierungstechnik, bei durch gezielten Farbauftrag dekorative Muster, Formen oder Motive auf die Objektoberfläche erzeugt werden.",http://www.w3id.org/archlink/terms/conservationthesaurus/F2244D
http://www.w3id.org/archlink/terms/conservationthesaurus/A21993,kaltbemalt,"Verzierungstechnik, bei der Keramik- oder Glasobjekte mit farbigen Dekormalereien versehen werde, ohne dass ein weiterer Brand erfolgt. Die Farben bleiben auf der Oberfläche und sind daher weniger dauerhaft, da keine Verschmelzung mit einer Glasur bzw. der Glasoberfläche erfolgt.",http://www.w3id.org/archlink/terms/conservationthesaurus/F396G6
http://www.w3id.org/archlink/terms/conservationthesaurus/B225DC,hintermalt,,http://www.w3id.org/archlink/terms/conservationthesaurus/F396G6
http://www.w3id.org/archlink/terms/conservationthesaurus/A19F86,Schlickermalerei,"Verzierungstechnik an Keramikobjekten, bei der mit einem dünnen Schlickerton Muster, Figuren oder ganze Darstellungen auf das in der Regel ungebrannte, halbtrockene Objekt gemalt werden. Anschließend wird der Schlickerton eingebrannt und es entsteht eine versinterte Keramikschicht auf der Objektoberfläche.",http://www.w3id.org/archlink/terms/conservationthesaurus/F396G6
http://www.w3id.org/archlink/terms/conservationthesaurus/GB8544,lackiert,,http://www.w3id.org/archlink/terms/conservationthesaurus/F396G6
http://www.w3id.org/archlink/terms/conservationthesaurus/G56866,engobiert,"Verzierungstechnik an Keramikobjekten, bei der der Keramikscherben mit einer Engobe - d.h. einer dünnen Beschichtung einer andersfarbigen oder qualitätvolleren Keramik überzogen wurde. Dies kann z.B. zum Zwecke haben einen ""minderwertigeren"" Ton zu überdecken oder eine homogene Grundlage für eine anschließende Bemalung zu schaffen. Hierzu wird entweder das gesamte Gefäß in einen dünnen Tonschlicker getaucht oder dieser gezielt auf das Objekt aufgetragen. Durch einen anschließenden Brand versintert die Tonschlickerschicht und es entsteht eine dichte Engobe auf der Scherbenoberfläche.",http://www.w3id.org/archlink/terms/conservationthesaurus/F2244D
http://www.w3id.org/archlink/terms/conservationthesaurus/F2AG55,glasiert,"Verzierungstechnik an Keramikobjekten, bei der eine dünne Lage aus Glas auf die Keramikoberfläche aufgeschmolzen wird. Diese Glasur soll die Keramik in der Regel gegen Wasseraufnahme abdichten, eine härtere, beständigere Oberfläche und/oder schlicht ein dekorativeres Erscheinungsbild erzeugen. Je nach gewünschter Optik können Glasuren aus verschiedenen gemahlenen Gesteinen oder Gläsern (Fritten), Metalloxyden und -salzen sowie weiteren Hilfsstoffen erzeugt werden.",http://www.w3id.org/archlink/terms/conservationthesaurus/F2244D
http://www.w3id.org/archlink/terms/conservationthesaurus/CG1531,Unterglasurdekor,"Glasurtechnik, bei der gezielte Muster, Formen oder Motive direkt auf das unglasierten Keramikobjekt oder in/auf eine Grundglasur aufgetragen werden. Anschließend wird eine flächige Glasur darüber aufgebracht, wodurch der Dekor durch die Glasurschicht geschützt ist. Im Ergebnis wirkt der Dekor optisch vertieft innerhalb der Glasur.",http://www.w3id.org/archlink/terms/conservationthesaurus/F2AG55
http://www.w3id.org/archlink/terms/conservationthesaurus/D691FG,Aufglasurdekor,"Glasurtechnik, bei Muster, Formen oder Motive als Dekor auf die bereits glasierte und gebrannte Oberfläche der Keramik aufgetragen werden. Im Anschluss wird das Objekt erneut bei niedriger Temperatur gebrannt, sodass die aufgebrachten Farben mit der Glasurschicht verschmelzen.",http://www.w3id.org/archlink/terms/conservationthesaurus/F2AG55
http://www.w3id.org/archlink/terms/conservationthesaurus/D1F5D3,gefasst,"Verzierungstechnik, bei der die Objektoberfläche mit einer farbigen Schicht aus Farbpigmenten und/oder Blattgold/Blattsilber überzogen ist. Unter der farbigen Schicht wurde die Oberfläche meist mit einer Grundiermasse aus Kreide oder Gips und Leim geglättet bzw. plastische Details darauf modelliert. Der Begriff wird häufig im Kontext von Holzskulpturen mit bunter Bemalung verwendet.",http://www.w3id.org/archlink/terms/conservationthesaurus/F2244D
http://www.w3id.org/archlink/terms/conservationthesaurus/DA2GD2,aufgefädelt,,http://www.w3id.org/archlink/terms/conservationthesaurus/F2244D
http://www.w3id.org/archlink/terms/conservationthesaurus/CC63FA,plattiert,"Verzierungsmethode, bei der dünne Metallfolien bzw. -bleche auf das zu verzierende Objekt gelegt und mittels Kleben, Umbördeln, Nieten oder Verstiften befestigt wird.",http://www.w3id.org/archlink/terms/conservationthesaurus/F2244D
http://www.w3id.org/archlink/terms/conservationthesaurus/GC2F6A,vergoldet,"Verzierungstechnik, bei der eine dünne Schicht aus Gold auf eine Oberfläche aufgetragen wird, um diese mit einem dekorativen und schützenden Überzug zu versehen. Der Auftrag des Goldes kann durch verschiedene mechanische, thermische oder (elekro-)chemische Methoden erfolgen.",http://www.w3id.org/archlink/terms/conservationthesaurus/F2244D
http://www.w3id.org/archlink/terms/conservationthesaurus/GC8DCD,Feuervergoldung,"historische Vergoldungstechnik, bei der eine Mischung aus Gold und Quecksilber (Amalgam) auf eine metallische Oberfläche aufgetragen wird. Durch Erhitzen verdampft das Quecksilber, sodass eine gleichmäßige Goldschicht zurückbleibt, die mit der Oberfläche fest verbunden ist. Diese Technik wurde vor allem in der Antike und bis ins 19. Jahrhundert verwendet, um dauerhafte und widerstandsfähige Vergoldungen zu erzeugen, birgt jedoch erhebliche gesundheitliche Risiken durch die giftigen Quecksilberdämpfe. Heute wird das Verfahren aufgrund seiner Gefährlichkeit kaum mehr angewandt, spielt aber in der Restaurierung historischer Objekte eine Rolle.",http://www.w3id.org/archlink/terms/conservationthesaurus/GC2F6A
http://www.w3id.org/archlink/terms/conservationthesaurus/GFCC9F,Diffusionsvergoldung,,http://www.w3id.org/archlink/terms/conservationthesaurus/GC2F6A
http://www.w3id.org/archlink/terms/conservationthesaurus/G16D2G,Anreibevergoldung,,http://www.w3id.org/archlink/terms/conservationthesaurus/GC2F6A
http://www.w3id.org/archlink/terms/conservationthesaurus/F3684F,Abreichungsvergoldung,"historische Vergoldungstechnik, bei der eine Gold-Legierung chemisch behandelt wird, um die Oberfläche anzureichern. Durch eine Säurebehandlung, meist mit Salpetersäure oder einer Mischung aus Salz- und Schwefelsäure, wird das weniger edle Silber und/oder Kupfer aus den oberflächennahen Schichten der Legierung gelöst. Dadurch entsteht eine feine Schicht aus reinem Gold auf der Oberfläche, die eine intensive goldene Farbgebung aufweist.",http://www.w3id.org/archlink/terms/conservationthesaurus/GC2F6A
http://www.w3id.org/archlink/terms/conservationthesaurus/GG6A8B,Blattvergoldung,"mechanische Verzierungstechnik, bei der dünne Blattgoldfolien auf die zu verzierende Oberfläche aufgebracht werden.",http://www.w3id.org/archlink/terms/conservationthesaurus/GC2F6A
http://www.w3id.org/archlink/terms/conservationthesaurus/DF986A,Ölvergoldung,"Blattvergoldungstechnik, bei der Blattgold auf eine mit einem speziellen harzhaltigen Klebstoff (Ölmixtion) vorbereitete Oberfläche aufgetragen wird.",http://www.w3id.org/archlink/terms/conservationthesaurus/GG6A8B
http://www.w3id.org/archlink/terms/conservationthesaurus/GBACB4,Polimentvergoldung,"Blattvergoldungstechnik, bei der das Blattgold auf eine mit Poliment, einem mit organischem Leim gebundenen Kreidegrund, vorbereitete Oberfläche aufgetragen wird. Nach dem Trocknen wird das Gold mit einem Achat- oder Polierstein auf Hochglanz poliert, wodurch eine besonders glänzende und edle Oberfläche entsteht. Die Polimentvergoldung ist empfindlich gegenüber Feuchtigkeit, wesshalb diese Technik ausschließlich in Innenbereichen zum Einsatz kommt.",http://www.w3id.org/archlink/terms/conservationthesaurus/GG6A8B
http://www.w3id.org/archlink/terms/conservationthesaurus/C8G54A,verzinnt,"Verzierungstechnik, bei der eine dünne Schicht Zinn auf eine Oberfläche aufgetragen wird. Bei historischen Objekten wurde dies z.B. zur Imitation von Silber oder zur Auskleidung von Kupfergefäßen angewandt.",http://www.w3id.org/archlink/terms/conservationthesaurus/F2244D
http://www.w3id.org/archlink/terms/conservationthesaurus/D248A4,versilbert,"Verzierungstechnik, bei der eine dünne Schicht aus Silber auf eine Oberfläche aufgetragen wird, um diese mit einem dekorativen und schützenden Überzug zu versehen. Der Auftrag des Silbers kann durch verschiedene mechanische, thermische oder (elekro-)chemische Methoden erfolgen.",http://www.w3id.org/archlink/terms/conservationthesaurus/F2244D
http://www.w3id.org/archlink/terms/conservationthesaurus/B47572,Blattversilberung,"mechanische Verzierungstechnik, bei der dünne Blattsilberfolien auf die zu verzierende Oberfläche aufgebracht werden.",http://www.w3id.org/archlink/terms/conservationthesaurus/D248A4
http://www.w3id.org/archlink/terms/conservationthesaurus/C24FFA,Ölversilberung,,http://www.w3id.org/archlink/terms/conservationthesaurus/B47572
http://www.w3id.org/archlink/terms/conservationthesaurus/AB9FB9,Polimentversilberung,,http://www.w3id.org/archlink/terms/conservationthesaurus/B47572
http://www.w3id.org/archlink/terms/conservationthesaurus/FDB79A,Weißsieden,,http://www.w3id.org/archlink/terms/conservationthesaurus/D248A4
http://www.w3id.org/archlink/terms/conservationthesaurus/BBF51F,Feuerversilberung,,http://www.w3id.org/archlink/terms/conservationthesaurus/D248A4
http://www.w3id.org/archlink/terms/conservationthesaurus/ACG517,Diffusionsversilberung,,http://www.w3id.org/archlink/terms/conservationthesaurus/D248A4
http://www.w3id.org/archlink/terms/conservationthesaurus/AF49C1,patiniert,"Verzierungstechnik, bei der die Oberfläche von Kupfer bzw. Kupferlegierungen durch chemische, thermische oder natürliche Prozesse gezielt verändert wird, um eine farbige oder gealterte Optik zu erzielen. Dies geschieht häufig durch den Einsatz von Säuren, Oxidationsmitteln oder durch gezielte Alterung unter Umwelteinflüssen. Die so entstehende Patina dient nicht nur dekorativen Zwecken, sondern kann auch als Schutzschicht gegen Korrosion wirken.",http://www.w3id.org/archlink/terms/conservationthesaurus/F2244D
http://www.w3id.org/archlink/terms/conservationthesaurus/D4B599,gebläut,,http://www.w3id.org/archlink/terms/conservationthesaurus/F2244D
http://www.w3id.org/archlink/terms/conservationthesaurus/B2B9C8,brüniert,"Verzierungstechnik, bei der die Oberfläche von Stahlobjekten gezielt mit thermischen oder chemischen Verfahren behandelt wird, um eine dünne bräunlich, bläulich oder schwarze Färbung (Oxidschicht) zu erzielen.",http://www.w3id.org/archlink/terms/conservationthesaurus/F2244D
http://www.w3id.org/archlink/terms/conservationthesaurus/G2FA26,überzogen,,http://www.w3id.org/archlink/terms/conservationthesaurus/F2244D
http://www.w3id.org/archlink/terms/conservationthesaurus/D1636C,tordiert,,http://www.w3id.org/archlink/terms/conservationthesaurus/F2244D
http://www.w3id.org/archlink/terms/conservationthesaurus/CB58C2,damasziert,,http://www.w3id.org/archlink/terms/conservationthesaurus/F2244D
http://www.w3id.org/archlink/terms/conservationthesaurus/G6841G,geschliffen (Verzierungstechnik),"spanabhebende Verzierungstechnik, bei der die Oberfläche eines Werkstückes gezielt mit Hilfe von Schleifwerkzeugen (Schleifmittelträger, auf dem eine Vielzahl von harten Schleifkörnern in gebundener oder loser Form aufgebracht sind) bearbeitet wird. Die scharfen, geometrisch unbestimmten Kanten und Schneiden der Schleifkörner tragen feine Späne von der Oberfläche des Materials ab und hinterlassen, je nach verwendetem Schleifwerkzeug, eine spezifische Oberflächenbeschaffenheit. Mit Hilfe rotierender Schleifkörper können dabei auch gezielte Formen und Muster in die Oberfläche eingeschliffen werden.",http://www.w3id.org/archlink/terms/conservationthesaurus/F2244D
http://www.w3id.org/archlink/terms/conservationthesaurus/FBF2A3,poliert,,http://www.w3id.org/archlink/terms/conservationthesaurus/F2244D
http://www.w3id.org/archlink/terms/conservationthesaurus/F4BD7F,graphiert,,http://www.w3id.org/archlink/terms/conservationthesaurus/F2244D
http://www.w3id.org/archlink/terms/conservationthesaurus/FC926G,gesandet,,http://www.w3id.org/archlink/terms/conservationthesaurus/F2244D
http://www.w3id.org/archlink/terms/conservationthesaurus/A7D71D,aufgeraut,,http://www.w3id.org/archlink/terms/conservationthesaurus/F2244D
http://www.w3id.org/archlink/terms/conservationthesaurus/B5A14G,eingeritzt,,http://www.w3id.org/archlink/terms/conservationthesaurus/F2244D
http://www.w3id.org/archlink/terms/conservationthesaurus/C61955,Kerbschnittdekor,,http://www.w3id.org/archlink/terms/conservationthesaurus/F2244D
http://www.w3id.org/archlink/terms/conservationthesaurus/GD11CD,geschnitzt (Verzierungstechnik),,http://www.w3id.org/archlink/terms/conservationthesaurus/F2244D
http://www.w3id.org/archlink/terms/conservationthesaurus/A41BGB,eingedrückt,,http://www.w3id.org/archlink/terms/conservationthesaurus/F2244D
http://www.w3id.org/archlink/terms/conservationthesaurus/F56B83,Linienbanddekor,,http://www.w3id.org/archlink/terms/conservationthesaurus/A41BGB
http://www.w3id.org/archlink/terms/conservationthesaurus/C27GA2,Schnurabdruckdekor,,http://www.w3id.org/archlink/terms/conservationthesaurus/A41BGB
http://www.w3id.org/archlink/terms/conservationthesaurus/A6FA7G,inkrustiert,"Die Verzierung/Oberflächegestaltung von mineralischen Werkstoffen (wie Keramik oder Stein) durch das Einlegen verschiedenfarbiger, kontrastreicher Materialien",http://www.w3id.org/archlink/terms/conservationthesaurus/F2244D
http://www.w3id.org/archlink/terms/conservationthesaurus/G2FC47,appliziert,,http://www.w3id.org/archlink/terms/conservationthesaurus/F2244D
http://www.w3id.org/archlink/terms/conservationthesaurus/DCF2A5,gepicht,,http://www.w3id.org/archlink/terms/conservationthesaurus/F2244D
http://www.w3id.org/archlink/terms/conservationthesaurus/F7F934,profiliert,,http://www.w3id.org/archlink/terms/conservationthesaurus/F2244D
http://www.w3id.org/archlink/terms/conservationthesaurus/G5D8C5,broschiert,,http://www.w3id.org/archlink/terms/conservationthesaurus/F2244D
http://www.w3id.org/archlink/terms/conservationthesaurus/G7F25F,bestickt,"textile Verzierungstechnik, bei der Fäden mit Hilfe einer Nadel in ein Trägermaterial (Stoff, Leder, etc.) eingearbeitet werden, um dekorative Muster oder Schriftzüge zu erzeugen. Die Einarbeitung der Fäden erfolgt dabei mit unterschiedlichen Sticharten, um einfach Linie bis flächige Füllungen von Formen zu erzielen.",http://www.w3id.org/archlink/terms/conservationthesaurus/F2244D
http://www.w3id.org/archlink/terms/conservationthesaurus/G73958,gefärbt,,http://www.w3id.org/archlink/terms/conservationthesaurus/F2244D
http://www.w3id.org/archlink/terms/conservationthesaurus/F964CG,Schadensursache,Für die Beschädigung/den Abbau als ursächlich angesehene negative Beeinträchtigung eines Objektes,http://www.w3id.org/archlink/terms/conservationthesaurus/BC5B57
http://www.w3id.org/archlink/terms/conservationthesaurus/GCCD95,Schadstoffe,"Beschädigung des Objektes, durch Emmision von schädlichen Stoffen im direkten Umfeld des Objektes (Verpackungsmaterial, Vitrinen, etc.) oder durch emmitierende Stoffe, die zur Bearbeitung des Objektes selbst Verwendung fanden.",http://www.w3id.org/archlink/terms/conservationthesaurus/F964CG
http://www.w3id.org/archlink/terms/conservationthesaurus/AA819F,lichtinduzierter Schaden,licht- bzw. beleuchtungsinduzierte Beschädigung des Objektes,http://www.w3id.org/archlink/terms/conservationthesaurus/F964CG
http://www.w3id.org/archlink/terms/conservationthesaurus/A379F4,materialbedingter Schaden,"Das Objekt weist Schäden auf, die auf die innere Struktur des Materials zurückzuführen sind.",http://www.w3id.org/archlink/terms/conservationthesaurus/F964CG
http://www.w3id.org/archlink/terms/conservationthesaurus/F968G3,Bodenlagerungsschaden,"Beschädigung, die durch Einwirkungen auf ein Objekt während der Bodenlagerung verursacht wurde. (Erddruck, Besiedelung, etc.)",http://www.w3id.org/archlink/terms/conservationthesaurus/F964CG
http://www.w3id.org/archlink/terms/conservationthesaurus/GBDG4D,Bergungsschaden,"Beschädigung, die durch den Umgang mit dem Objekt bei der Ausgrabung entstanden ist.",http://www.w3id.org/archlink/terms/conservationthesaurus/F964CG
http://www.w3id.org/archlink/terms/conservationthesaurus/DD3A3D,Transportschaden,"Schaden, der durch einen Transport des Objektes verursacht wurde.",http://www.w3id.org/archlink/terms/conservationthesaurus/F964CG
http://www.w3id.org/archlink/terms/conservationthesaurus/FB7C46,Lagerungsschaden,"Beschädigung des Objektes, die auf unpassende Lagerungsbedingungen zurück zu führen ist.",http://www.w3id.org/archlink/terms/conservationthesaurus/F964CG
http://www.w3id.org/archlink/terms/conservationthesaurus/G1GA5F,Biologischer Befall,"Durch Einwirkung von biologischen Organismen (Pflanzen, Tieren, Mikroorganismen) auf oder in einem Objekt verursachte Beschädigung",http://www.w3id.org/archlink/terms/conservationthesaurus/F964CG
http://www.w3id.org/archlink/terms/conservationthesaurus/C473B4,Beschädigung durch vorherige Bearbeitung,"Schadensphänomen, das durch eine (oder mehrere) vorangegangene Restaurierungs-/Konservierungs-Maßnahme oder andere Bearbeitung verursacht wurde",http://www.w3id.org/archlink/terms/conservationthesaurus/F964CG
http://www.w3id.org/archlink/terms/conservationthesaurus/GGD66G,Wasserschaden,Durch den Kontakt zu Wasser herbeigeführte Schäden an einem Objekt,http://www.w3id.org/archlink/terms/conservationthesaurus/F964CG
http://www.w3id.org/archlink/terms/conservationthesaurus/D171FF,Feuerschaden,Durch einen Brand bzw. den Kontakt zu Feuer/Hitze herbeigeführte Schäden an einem Objekt,http://www.w3id.org/archlink/terms/conservationthesaurus/F964CG
http://www.w3id.org/archlink/terms/conservationthesaurus/B2ADB6,Vandalismus,Durch Menschen mutwillig herbeigeführte Schädigung eines Objektes,http://www.w3id.org/archlink/terms/conservationthesaurus/F964CG
http://www.w3id.org/archlink/terms/conservationthesaurus/C64BC8,Klimaschaden,"Schadensphänomen, das durch klimatische Faktoren verursacht oder verschlimmert wird (Feuchtigkeit und Temperatur, bzw. deren Schwankungen)",http://www.w3id.org/archlink/terms/conservationthesaurus/F964CG
http://www.w3id.org/archlink/terms/conservationthesaurus/FAFCF5,Schaden durch mechanische Beanspruchung,Durch mechanische Einwirkung hervorgerufene kumulative Schädigung des Objektes. Häufig vor allem auf die Objektoberfläche bezogen.,http://www.w3id.org/archlink/terms/conservationthesaurus/F964CG
http://www.w3id.org/archlink/terms/conservationthesaurus/AD3A34,Verwitterung,Schädigung durch negative Einwirkung der Bedingungen im Freien,http://www.w3id.org/archlink/terms/conservationthesaurus/F964CG
http://www.w3id.org/archlink/terms/conservationthesaurus/D16G86,Korrosionsinduzierter Schaden,Durch chemische Reaktion des Materials mit seiner Umgebung verursachter Schaden,http://www.w3id.org/archlink/terms/conservationthesaurus/F964CG
http://www.w3id.org/archlink/terms/conservationthesaurus/A889A3,Verschmutzung,"Schadensphänomen, das durch Ablagerung unerwünschter Substanz die Lesbarkeit des Objektes vermindert",http://www.w3id.org/archlink/terms/conservationthesaurus/F964CG
http://www.w3id.org/archlink/terms/conservationthesaurus/D28G9A,Erdanhaftungen,mehr oder weniger fest anhaftende Bodenbestandteile. Hauptsächlich an frisch geborgenen Objekten festzustellen.,http://www.w3id.org/archlink/terms/conservationthesaurus/A889A3
http://www.w3id.org/archlink/terms/conservationthesaurus/F8915F,Versinterung,Mehr oder weniger Fest an der Oberfläche anhaftende Sinterschichten.,http://www.w3id.org/archlink/terms/conservationthesaurus/A889A3
http://www.w3id.org/archlink/terms/conservationthesaurus/A14228,Verkrustung,Fest an der Oberfläche des Objektes anhaftende und verhärtete Ansammlung von Fremdsubstanz,http://www.w3id.org/archlink/terms/conservationthesaurus/A889A3
http://www.w3id.org/archlink/terms/conservationthesaurus/D74F16,Staubablagerung,"Lose, auf der Oberfläche des Objektes angesammelte Ablagerung von luftgetragenen Partikeln",http://www.w3id.org/archlink/terms/conservationthesaurus/A889A3
http://www.w3id.org/archlink/terms/conservationthesaurus/FDD71B,Salzbelastung,"Schadensphänomen, das durch das Vorhandensein löslicher Salze in einem Objekt/Material verursacht wird",http://www.w3id.org/archlink/terms/conservationthesaurus/F964CG
http://www.w3id.org/archlink/terms/conservationthesaurus/GDF8C2,Physischer Zustand,Die konkreten Merkmale und Eigenschaften eines Objektes,http://www.w3id.org/archlink/terms/conservationthesaurus/BC5B57
http://www.w3id.org/archlink/terms/conservationthesaurus/CAB799,Vollständigkeit,Ausmaß an materieller Ganzheitlichkeit eines Objektes.,http://www.w3id.org/archlink/terms/conservationthesaurus/GDF8C2
http://www.w3id.org/archlink/terms/conservationthesaurus/F573A5,vollständig,"Zustand, bei dem alle ursprünglichen Teile des Objektes vorhanden sind.",http://www.w3id.org/archlink/terms/conservationthesaurus/CAB799
http://www.w3id.org/archlink/terms/conservationthesaurus/GAD71G,unvollständig,"Zustand, bei dem ursprüngliche Teile des Objektes fehlen.",http://www.w3id.org/archlink/terms/conservationthesaurus/CAB799
http://www.w3id.org/archlink/terms/conservationthesaurus/FB6AGB,Stabilität,Fahigkeit eines Objektes auch bei physischer Einwirkung seine Form oder Struktur bei zu behalten,http://www.w3id.org/archlink/terms/conservationthesaurus/GDF8C2
http://www.w3id.org/archlink/terms/conservationthesaurus/D79DA6,stabil,"Zustand des Objekt, bei dem es fähig ist seine Form und Struktur zu behalten und gegenüber äußeren Einwirkung, wie mechanischen Kärften oder chemischen Prozessen stand zu halten. Ein stabiles Objekt ist weniger anfällig für Beschädigungen, bleibt über einen längeren Zeitraum hinweg in gutem Erhaltungszustand und kann demnach ohne weitere Stabilisierungsmaßnahmen gehändelt werden.",http://www.w3id.org/archlink/terms/conservationthesaurus/FB6AGB
http://www.w3id.org/archlink/terms/conservationthesaurus/FBA99A,instabil,"mangelnde Fähigkeit des Objektes in einem stabilem Zustand zu bleiben. Das Objekt droht durch physische Faktoren, wie äußere Kräfte oder unzureichende Unterstützung seine Form oder Struktur zu verändern/verlieren. Es bedarf demnach entsprechende Stabilisierungsmaßnahmen, um in seiner ursprünglichen Form zu bleiben. Die Instabilität seines Objektes liegt häufig in der Fragilität bzw. mangelnden Festigkeit seines Werkstoffes begründet.",http://www.w3id.org/archlink/terms/conservationthesaurus/FB6AGB
http://www.w3id.org/archlink/terms/conservationthesaurus/AGBB3C,Festigkeit,Fähigkeit des Objektwerkstoffs mechanischen Widerstand gegen eine plastische Verformung oder Trennung zu leisten,http://www.w3id.org/archlink/terms/conservationthesaurus/GDF8C2
http://www.w3id.org/archlink/terms/conservationthesaurus/DG7A1D,fragil,"Anfälligkeit des Objektwerkstoffs für Kohäsionsverlust. Das Material des Objektes ist leicht zerbrechlich oder empfindlich gegenüber physischer Einflüsse wie Stöße, Druck oder andere mechanischer Belastung. Ein Objekt dessen Werkstoff fragil ist, ist meistens in sich auch instabil, da es durch die Materialschwächung bei weiterer physischer Einwirkung nicht in der Lage ist seine ursprüngliche Form zu behalten.",http://www.w3id.org/archlink/terms/conservationthesaurus/AGBB3C
http://www.w3id.org/archlink/terms/conservationthesaurus/DB581C,zugfest,Das Objektmaterial zeigt eine gute Festigkeit und Widerstandsfähigkeit gegen ziehende Kräfte,http://www.w3id.org/archlink/terms/conservationthesaurus/AGBB3C
http://www.w3id.org/archlink/terms/conservationthesaurus/G2A47C,druckfest,Das Objektmaterial zeigt eine gute Festigkeit und Widerstandsfähigkeit gegen Druckbelastung,http://www.w3id.org/archlink/terms/conservationthesaurus/AGBB3C
http://www.w3id.org/archlink/terms/conservationthesaurus/G2F586,biegefest,Das Objektmaterial zeigt eine gute Festigkeit und Widerstandsfähigkeit gegen Biegung und lässt sich nicht leicht durchbiegen.,http://www.w3id.org/archlink/terms/conservationthesaurus/AGBB3C
http://www.w3id.org/archlink/terms/conservationthesaurus/G147AG,schlagfest,Das Objektmaterial zeigt eine gute Festigkeit und Widerstandsfähigkeit gegen Stöße und plötzliche Belastungen,http://www.w3id.org/archlink/terms/conservationthesaurus/AGBB3C
http://www.w3id.org/archlink/terms/conservationthesaurus/BF6339,weich,"Das Objektmaterial zeigt eine geringe Festigkeit, ist leicht verformbar und bietet wenig Widerstand gegen mechanische Belastung wie Druck oder Kratzer.",http://www.w3id.org/archlink/terms/conservationthesaurus/AGBB3C
http://www.w3id.org/archlink/terms/conservationthesaurus/FBG2B1,hart,"Das Objektmaterial zeigt eine überaus hohe Festigkeit und ist somit sehr Wiederstandsfähig gegen Verformung, Kratzer oder Eindringen.",http://www.w3id.org/archlink/terms/conservationthesaurus/AGBB3C
http://www.w3id.org/archlink/terms/conservationthesaurus/AF5C86,spröde,Das Objektmaterial zeigt eine geringe Festigkeit und Widerstandsfähigkeit gegen Verformung. Es neigt bei anhaltender Belastung zu plötzlichem Bruch ohne vorherige elastische Verformung.,http://www.w3id.org/archlink/terms/conservationthesaurus/AGBB3C
http://www.w3id.org/archlink/terms/conservationthesaurus/BCG421,elastisch,"Das Objektmaterial zeigt eine geringe Festigkeit, aber gute Widerstandsfähigkeit gegenüber dauerhafter Verformung. Es ist fähig, nach der Verformung in seine ursprüngliche Form zurückzukehren.",http://www.w3id.org/archlink/terms/conservationthesaurus/AGBB3C
http://www.w3id.org/archlink/terms/conservationthesaurus/C6GB1C,Veränderung,"Änderung des Zustandes eines Objektes, unabhängig ob diese vorteilhaft oder nicht, beabsichtigt oder nicht ist/war.",http://www.w3id.org/archlink/terms/conservationthesaurus/GDF8C2
http://www.w3id.org/archlink/terms/conservationthesaurus/G43DBC,beschädigt,"Das Objekt weist eine ungewollte, negative Veränderung im Vergleich zu seinem ursprünglichen Aussehen auf, die die wissenschaftliche Aussagekraft des Objektes mindert.",http://www.w3id.org/archlink/terms/conservationthesaurus/C6GB1C
http://www.w3id.org/archlink/terms/conservationthesaurus/C77G9C,gealtert,"An dem Objekt sind Spuren der Veränderung zu beobachten, die auf verschiedenste Einflüsse im Laufe der Lebensgeschichte (der Alterung) des Objektes zurück zu führen sind. Eine alterungsbedingte Veränderung ist nicht zwangsläufig als Beschädigung, sondern unter Umständen als aussagekräftiger Teil der Objektbiographie zu werten.",http://www.w3id.org/archlink/terms/conservationthesaurus/C6GB1C
http://www.w3id.org/archlink/terms/conservationthesaurus/CC2F9C,historische Beschädigung,"Beeinträchtigung eines Objektes, die bereits vor der Bodenlagerung, d.h. in der historischen Geschichte des Objektes, entstanden ist. Eine solche Beeinträchtigung kann infolge der Konzeption, des Herstellungsverfahrens oder der historischen Verwendung auftreten. Sie liefert wichtige Informationen über den kulturellen und historischen Kontext sowie über die technologischen Fähigkeiten der Menschen, die das Objekt hergestellt oder verwendet haben, tragen somit zur wissenschaftlichen Aussagekraft des Objektes bei und bedürfen in der Regel keiner konservatorischen oder restauratorischen Behandlung.",http://www.w3id.org/archlink/terms/conservationthesaurus/C6GB1C
http://www.w3id.org/archlink/terms/conservationthesaurus/A5D63G,altrestauriert,"An dem Objekt sind Spuren der Veränderung festzustellen, die auf eine (oder mehrere) vorherige Konservierungs- bzw. Restaurierungsmaßnahme hindeuten.",http://www.w3id.org/archlink/terms/conservationthesaurus/C6GB1C
http://www.w3id.org/archlink/terms/conservationthesaurus/G9D1C8,Maße,Die Abmessungen des Objektes,http://www.w3id.org/archlink/terms/conservationthesaurus/GDF8C2
http://www.w3id.org/archlink/terms/conservationthesaurus/AG4397,Feuchtigkeitsgehalt,Enthaltener Feuchtigkeitsanteil im Porenraum eines Materials/Objektes,http://www.w3id.org/archlink/terms/conservationthesaurus/GDF8C2
http://www.w3id.org/archlink/terms/conservationthesaurus/G41GC6,Trocken (Objektzustand),Das Materialgefüge/der Porenraum des Objektes oder dessen Oberfläche weisen keinen Wassergehalt auf.,http://www.w3id.org/archlink/terms/conservationthesaurus/AG4397
http://www.w3id.org/archlink/terms/conservationthesaurus/FDB9F5,Feucht (Objektzustand),Das Materialgefüge/der Porenraum des Objektes oder dessen Oberfläche weisen einen leichten bis mittelstarken Wassergehalt auf.,http://www.w3id.org/archlink/terms/conservationthesaurus/AG4397
http://www.w3id.org/archlink/terms/conservationthesaurus/A255FD,Nass (Objektzustand),Das Materialgefüge/der Porenraum des Objektes ist vollständig mit Wasser gesättigt.,http://www.w3id.org/archlink/terms/conservationthesaurus/AG4397
http://www.w3id.org/archlink/terms/conservationthesaurus/DAC996,Schadensphänomen,Art der beobachteten negativen Veränderungen des Objekts im Vergleich zu seinem als ursprünglich angenommenen Zustandes.,http://www.w3id.org/archlink/terms/conservationthesaurus/BC5B57
http://www.w3id.org/archlink/terms/conservationthesaurus/B224CD,Formänderung,"Das Objekt zeigte eine mehr oder weniger stark ausgeprägte Veränderung seiner ursprünglichen oder als ursprünglich angesehenen Form, ohne Verlust des strukturellen Zusammenhalts.",http://www.w3id.org/archlink/terms/conservationthesaurus/DAC996
http://www.w3id.org/archlink/terms/conservationthesaurus/G7D438,blasig,"Das Objekt weist eine gewölbte Oberfläche bzw. mehrere oberflächliche Wölbungen mit Hohlraum darunter auf. Der Hohlraum kann Gas, Flüssigkeit und/oder feste Stoffe enthalten.",http://www.w3id.org/archlink/terms/conservationthesaurus/B224CD
http://www.w3id.org/archlink/terms/conservationthesaurus/A21DB2,aufgeraut (Schadensphänomen),Das Objekt weist eine zunehmend ungleichmäßiger werdende Oberfläche auf.,http://www.w3id.org/archlink/terms/conservationthesaurus/B224CD
http://www.w3id.org/archlink/terms/conservationthesaurus/C7859F,ausgedehnt,Das Objekt zeigt eine Vergrößerung seiner Abmessungen im Vergleich zu seinen ursprünglichen Maßen. Diese kann durch Veränderungen des Objektmaterial selbst oder durch Hinzufügen von Fremdmaterial erfolgt sein.,http://www.w3id.org/archlink/terms/conservationthesaurus/B224CD
http://www.w3id.org/archlink/terms/conservationthesaurus/G23692,geschrumpft,Das Objekt zeigt eine Verkleinerung seiner Abmessungen im Vergleich zu seinen ursprünglichen Maßen.,http://www.w3id.org/archlink/terms/conservationthesaurus/B224CD
http://www.w3id.org/archlink/terms/conservationthesaurus/A8D9GF,deformiert,Das Objekt zeigt eine oder mehrere bruchlose Veränderung(en) seiner ursprünglichen Form oder Abmessung.,http://www.w3id.org/archlink/terms/conservationthesaurus/B224CD
http://www.w3id.org/archlink/terms/conservationthesaurus/GAC37B,eingedrückt (Schadensphänomen),Die Deformation des Objektes weist eine nach innen gerichtete Form auf.,http://www.w3id.org/archlink/terms/conservationthesaurus/A8D9GF
http://www.w3id.org/archlink/terms/conservationthesaurus/B89818,gewellt,Das Objekt zeigt eine wellenförmige/bucklige Formänderung auf.,http://www.w3id.org/archlink/terms/conservationthesaurus/A8D9GF
http://www.w3id.org/archlink/terms/conservationthesaurus/FC4DGB,verworfen,"Das Objekt weist eine in sich (gegeneinander) verschobene, unebene Fläche bzw. Form auf. Verwerfungen gehen häufig mit Brüchen einher.",http://www.w3id.org/archlink/terms/conservationthesaurus/A8D9GF
http://www.w3id.org/archlink/terms/conservationthesaurus/CF4199,verdreht,Das Objekt zeigt eine um eine Achse herumlaufende Deformation,http://www.w3id.org/archlink/terms/conservationthesaurus/A8D9GF
http://www.w3id.org/archlink/terms/conservationthesaurus/C535G6,verbogen,Das Objekt weist eine gekrümmte Deformation in einer Ebene auf,http://www.w3id.org/archlink/terms/conservationthesaurus/A8D9GF
http://www.w3id.org/archlink/terms/conservationthesaurus/ABB9FA,geknickt,Das Objekt zeigt eine scharf umgebogene Deformation,http://www.w3id.org/archlink/terms/conservationthesaurus/A8D9GF
http://www.w3id.org/archlink/terms/conservationthesaurus/D3AGG6,visuelle Veränderung,Eine negative Veränderung des visuellen Erscheinungsbilds des Objektes,http://www.w3id.org/archlink/terms/conservationthesaurus/DAC996
http://www.w3id.org/archlink/terms/conservationthesaurus/FDC65D,fleckig,Das Objekt zeigt partielle farbliche Veränderungen der Oberfläche,http://www.w3id.org/archlink/terms/conservationthesaurus/D3AGG6
http://www.w3id.org/archlink/terms/conservationthesaurus/D8CBG2,eingetrübt,"Das Objekt zeigt eine teilweise oder ganzheitliche Trübung der Oberfläche, bei der die Klarheit und Transparenz des ursprünglichen Aussehens verloren gegangen ist.",http://www.w3id.org/archlink/terms/conservationthesaurus/D3AGG6
http://www.w3id.org/archlink/terms/conservationthesaurus/GA2C4A,mattiert,Die vormals glänzende Oberfläche eines Objektes geht zunehmend in ein mattes Erscheinungsbild über.,http://www.w3id.org/archlink/terms/conservationthesaurus/D3AGG6
http://www.w3id.org/archlink/terms/conservationthesaurus/A4G8FA,farbverändert,"Das Objekt zeigt in seiner Farbigkeit eine Änderung, die mindestend eine der drei Farbparameter Ton, Helligkeit oder Sättigung betrifft.",http://www.w3id.org/archlink/terms/conservationthesaurus/D3AGG6
http://www.w3id.org/archlink/terms/conservationthesaurus/G8GAA6,nachgedunkelt,"Die Farbigkeit des Objektes zeigt eine Reduktion hinsichtlich des Lichtreflexionsvermögen, Tons und/oder Helligkeit",http://www.w3id.org/archlink/terms/conservationthesaurus/A4G8FA
http://www.w3id.org/archlink/terms/conservationthesaurus/ABCF99,verblasst,Die Farbigkeit des Objektes zeigt eine reduzierte Farbsättigung,http://www.w3id.org/archlink/terms/conservationthesaurus/A4G8FA
http://www.w3id.org/archlink/terms/conservationthesaurus/GDCD91,vergilbt,"Die Farbigkeit des Objektes hat sich zu einem gelben, braunen bis goldbraunen Farbton verändert",http://www.w3id.org/archlink/terms/conservationthesaurus/A4G8FA
http://www.w3id.org/archlink/terms/conservationthesaurus/F4D633,irisierende Farbveränderung,Bildung von bunt schillernden Flecken auf archäologischen Gläsern verursacht durch Auslaugungsprozesse der alkalireichen Bestandteile.,http://www.w3id.org/archlink/terms/conservationthesaurus/A4G8FA
http://www.w3id.org/archlink/terms/conservationthesaurus/B86G16,Materialhinzufügung,"Hinzukommen von Material auf, an oder in ein Objekt als Ergebnis natürlicher Prozesse (z. B. Sediment, Staub) oder menschlicher Eingriffe (z. B. konservatorisch-restauratorische Maßnahmen). Der Begriff beschreibt das Vorhandensein zusätzlichen Materials, das nicht zum originalen Material des Objektes gehört.",http://www.w3id.org/archlink/terms/conservationthesaurus/DAC996
http://www.w3id.org/archlink/terms/conservationthesaurus/F9F255,fettverschmiert,Die Oberfläche des Objekt zeigt einen klebrige Ablagerung von Fettpartikeln.,http://www.w3id.org/archlink/terms/conservationthesaurus/B86G16
http://www.w3id.org/archlink/terms/conservationthesaurus/BBF64G,staubbedeckt,Ablagerung von Staubpartikeln auf der Objektoberfläche,http://www.w3id.org/archlink/terms/conservationthesaurus/B86G16
http://www.w3id.org/archlink/terms/conservationthesaurus/BA75DG,salzausblühend,Kristalline Ausfällungen von Salzen auf oder im Objekt,http://www.w3id.org/archlink/terms/conservationthesaurus/B86G16
http://www.w3id.org/archlink/terms/conservationthesaurus/B221BB,kontaminiert,Das Objekt ist mit Gefahr-/Schadstoffen belastet.,http://www.w3id.org/archlink/terms/conservationthesaurus/BBF64G
http://www.w3id.org/archlink/terms/conservationthesaurus/G57G31,biologisch bewachsen,biologische Besiedlung des Objektes durch Mikro- oder Makroorganismen.,http://www.w3id.org/archlink/terms/conservationthesaurus/B86G16
http://www.w3id.org/archlink/terms/conservationthesaurus/GD4F94,schimmelbedeckt,Auf der Oberfläche des Objektes sind visuell sichtbare Ausbreitungen von Schimmelpilz vorhanden.,http://www.w3id.org/archlink/terms/conservationthesaurus/G57G31
http://www.w3id.org/archlink/terms/conservationthesaurus/BG987D,weeping,Bildung von Feuchtigkeitströpfchen bzw. -filmen auf der Oberfläche von Glas unter Umgebungsbedingungen mit hoher Luftfeuchtigkeit.,http://www.w3id.org/archlink/terms/conservationthesaurus/BBF64G
http://www.w3id.org/archlink/terms/conservationthesaurus/C82F3D,zuvor behandelt,"Auf der Objektoberfläche sind Reste rezenter Materialien, wie sie bei einer vorherigen Konservierung und/oder Restaurierung verwendet wurden, festzustellen.",http://www.w3id.org/archlink/terms/conservationthesaurus/BBF64G
http://www.w3id.org/archlink/terms/conservationthesaurus/D48G16,rußbedeckt,Auf der Objektoberfläche zeigen sich schwarze Ablagerungen von Rußpartikeln.,http://www.w3id.org/archlink/terms/conservationthesaurus/B86G16
http://www.w3id.org/archlink/terms/conservationthesaurus/FC7715,sedimentiert,"Das Objekt ist mit lockeren oder leicht verfestigten mineralischen Materialanhaftungen bedeckt. Meist aus feinkörnigen Bodenbestandteilen wie Sand, Schluff, Ton oder Schlamm, die sich durch die Bodenlagerung auf dem Objekt abgesetzt haben.",http://www.w3id.org/archlink/terms/conservationthesaurus/B86G16
http://www.w3id.org/archlink/terms/conservationthesaurus/C3C616,verkrustet,"Auf dem Objekt befinden sich fest haftende, harte Ablagerungen aus mineralischen und/oder organischen Bestandteilen. Auf archäologischen (Metall-)Objekten oft in Form von Konglomeraten aus Sediment und Korrosionsprodukten zu finden.",http://www.w3id.org/archlink/terms/conservationthesaurus/B86G16
http://www.w3id.org/archlink/terms/conservationthesaurus/F473B6,abgelagert,generische Angaben zu jeglicher Form von fremdartiger Ablagerung von Material auf der Oberfläche des Objektes.,http://www.w3id.org/archlink/terms/conservationthesaurus/B86G16
http://www.w3id.org/archlink/terms/conservationthesaurus/C188DA,Substanzverlust,"Material bzw. Teile des Objektes fehlen teilweise oder vollständig infolge physikalischer, chemischer, biologischer oder mechanischer Prozesse.",http://www.w3id.org/archlink/terms/conservationthesaurus/DAC996
http://www.w3id.org/archlink/terms/conservationthesaurus/A8588A,Fehlstellen aufweisend,Das Objekt ist unvollständig und besitzt eine oder mehrere Fehlstellen,http://www.w3id.org/archlink/terms/conservationthesaurus/C188DA
http://www.w3id.org/archlink/terms/conservationthesaurus/D45638,erodiert,Durch die Einwirkung externer Faktoren schleichender Verlust von Oberflächenmaterial des Objektes.,http://www.w3id.org/archlink/terms/conservationthesaurus/C188DA
http://www.w3id.org/archlink/terms/conservationthesaurus/C36GDB,abgerieben,An der Objektoberfläche sind durch Reibungskräfte abgetragene Stellen festzustellen.,http://www.w3id.org/archlink/terms/conservationthesaurus/C188DA
http://www.w3id.org/archlink/terms/conservationthesaurus/D99GD4,zerkratzt,Durch die mechanische Einwirkung scharfer Kanten ist ein Materialverlust an der Objektoberfläche festzustellen.,http://www.w3id.org/archlink/terms/conservationthesaurus/C188DA
http://www.w3id.org/archlink/terms/conservationthesaurus/C5GCB6,zerfressen,Materialverlust an/in einem Objekt verursacht durch Fressaktivitäten von Organismen.,http://www.w3id.org/archlink/terms/conservationthesaurus/C188DA
http://www.w3id.org/archlink/terms/conservationthesaurus/A77283,durchwurzelt,Materialverlust durch Eindringen/Einwachsen von pflanzlichen Wurzeln in das Objekt,http://www.w3id.org/archlink/terms/conservationthesaurus/C188DA
http://www.w3id.org/archlink/terms/conservationthesaurus/CB9GD3,Kohäsionsverlust,"Der innere Zusammenhalt des Objektes ist geschwächt bis vollständig zerstört, das Material ist mechanisch schwach, bricht leicht, zerfällt oder ist bröselig.",http://www.w3id.org/archlink/terms/conservationthesaurus/DAC996
http://www.w3id.org/archlink/terms/conservationthesaurus/D9C8A4,zersetzt,"Das Objekt bzw. sein Material ist durch fortschreitende physikalische, chemische oder biologische Prozesse in seiner inneren Struktur stark geschädigt. Der innere Zusammenhalt ist weitgehend verloren und kann bei mechanischer Belastung zum vollständigen Materialverlust führen. Der Begriff bildet",http://www.w3id.org/archlink/terms/conservationthesaurus/CB9GD3
http://www.w3id.org/archlink/terms/conservationthesaurus/BC1DCG,verhärtet,"Das Material des Objektes zeigt eine deutliche Steigerung der inneren Verfestigung, bis hin zur völligen Versteifung/Starrheit.",http://www.w3id.org/archlink/terms/conservationthesaurus/CB9GD3
http://www.w3id.org/archlink/terms/conservationthesaurus/BGA41C,kollabiert,"Das innere Materialgefüges eines Objektes ist vollkommen destabilisiert, was zu einem kompletten Zerfall der Struktur geführt hat.",http://www.w3id.org/archlink/terms/conservationthesaurus/CB9GD3
http://www.w3id.org/archlink/terms/conservationthesaurus/F6CG68,fragmentiert,"Das Objekt ist in ein oder mehrere Teile auseinandergefallen. Je nach Feinheitsgrad der entstandenen Fragmente, kann der Begriff weiter spezifiziert werden.",http://www.w3id.org/archlink/terms/conservationthesaurus/CB9GD3
http://www.w3id.org/archlink/terms/conservationthesaurus/B4C3B9,zerschnitten,Das Materialgefüge des Objektes ist unter Erzeugung einer scharf definierten Kante in zwei oder mehr Teile getrennt worden.,http://www.w3id.org/archlink/terms/conservationthesaurus/CB9GD3
http://www.w3id.org/archlink/terms/conservationthesaurus/G74A2D,gesprungen,Das vormals fest gefügte Material weist eine Teilung ohne vollständiges Auseinanderbrechen des Objektes auf.,http://www.w3id.org/archlink/terms/conservationthesaurus/CB9GD3
http://www.w3id.org/archlink/terms/conservationthesaurus/FGG2C4,gebrochen,Das vormals fest gefügte Material des Objektes weist eine vollkommene Trennung in zwei oder mehr lose Teile auf.,http://www.w3id.org/archlink/terms/conservationthesaurus/CB9GD3
http://www.w3id.org/archlink/terms/conservationthesaurus/GB33C3,gerissen,Das Materialgefüge des Objektes zeigt eine Abtrennung mit unregelmäßiger Kanten. Häufig verursacht durch Spannungsabbau im Gefüge.,http://www.w3id.org/archlink/terms/conservationthesaurus/CB9GD3
http://www.w3id.org/archlink/terms/conservationthesaurus/FA14C2,rissig,"Das Materialgefüge des Objektes zeigt Risse, die jedoch nicht zu einer vollständigen Abtrennung geführt haben.",http://www.w3id.org/archlink/terms/conservationthesaurus/CB9GD3
http://www.w3id.org/archlink/terms/conservationthesaurus/GD5454,Oberflächenriss,"Das Objekt zeigt einen Riss, im Bereich seiner Oberfläche",http://www.w3id.org/archlink/terms/conservationthesaurus/FA14C2
http://www.w3id.org/archlink/terms/conservationthesaurus/D937D1,Craquellée,"Im Objektmaterial oder auf dessen Oberfläche (Glasur) sind feine, netzartige Risse oder Haarrisse zu beobachten.",http://www.w3id.org/archlink/terms/conservationthesaurus/FA14C2
http://www.w3id.org/archlink/terms/conservationthesaurus/BFAC52,Tiefenriss,"Das Objekt zeigt mindestens einen Riss, der bis tief in das Material hineinreicht",http://www.w3id.org/archlink/terms/conservationthesaurus/FA14C2
http://www.w3id.org/archlink/terms/conservationthesaurus/F2A5A7,Haarriss,"Das Objekt zeigt einen sehr feinen, oberflächlichen Riss, der nur wenige Millimeter tief und breit ist.",http://www.w3id.org/archlink/terms/conservationthesaurus/FA14C2
http://www.w3id.org/archlink/terms/conservationthesaurus/G84156,offene Fuge,Zwei oder mehr Teile des Objektes weisen eine Lücke zueinander auf.,http://www.w3id.org/archlink/terms/conservationthesaurus/CB9GD3
http://www.w3id.org/archlink/terms/conservationthesaurus/AF7CC8,hohl,Im Materialgefüge des Objektes hat sich ein oder mehrere Leerraum/Leerräume gebildet.,http://www.w3id.org/archlink/terms/conservationthesaurus/CB9GD3
http://www.w3id.org/archlink/terms/conservationthesaurus/BFGD3B,Pitting,"Die Objektoberfläche weist dicht nebeneinander liegende, flache Hohlräume/Grübchen auf.",http://www.w3id.org/archlink/terms/conservationthesaurus/CB9GD3
http://www.w3id.org/archlink/terms/conservationthesaurus/FA9B73,delaminiert,Das Materialgefüge des Objektes weist eine Ablösung in mehr oder weniger klar definierten Schichten auf.,http://www.w3id.org/archlink/terms/conservationthesaurus/CB9GD3
http://www.w3id.org/archlink/terms/conservationthesaurus/F97BFF,abschollend,"Auf der Objektoberfläche sind ein oder mehrere dünne Materialschichten zu sehen, die sich teilweise von dieser abgelöst haben und abstehen.",http://www.w3id.org/archlink/terms/conservationthesaurus/CB9GD3
http://www.w3id.org/archlink/terms/conservationthesaurus/D2364A,abgeplatzt,Ganz Schollen oder Stücke haben sich vollständig von der Objektoberfläche gelöst und sind entweder komplett verloren oder liegen getrennt von dem Objekt.,http://www.w3id.org/archlink/terms/conservationthesaurus/CB9GD3
http://www.w3id.org/archlink/terms/conservationthesaurus/DDFG97,versprödet,"Das Material hat seine Elastizität, Flexibilität und Bruchfestigkeit verloren. Es ist zunächst als feste Struktur erhalten geblieben, bricht oder reiß jedoch leicht bei mechanischer Belastung.",http://www.w3id.org/archlink/terms/conservationthesaurus/CB9GD3
http://www.w3id.org/archlink/terms/conservationthesaurus/BFCC33,aufgeweicht,Das Material des Objektes hat durch Wasseraufnahme seine Festigkeit und Formstabilität verloren.,http://www.w3id.org/archlink/terms/conservationthesaurus/CB9GD3
http://www.w3id.org/archlink/terms/conservationthesaurus/A8C236,pulvrig,"Das Material liegt ganz oder teilweise in feiner, staubartiger Form vor oder zerfällt bei mechanischer Belastung in diese. Der innere Zusammenhalt ist nahezu vollständig verloren.",http://www.w3id.org/archlink/terms/conservationthesaurus/CB9GD3
http://www.w3id.org/archlink/terms/conservationthesaurus/C9D991,chemische Veränderung,Das Material des Objektes zeigt durch chemische Reaktionen mit seiner Umwelt verursachte Veränderungen seiner strukturellen Zusammensetzung oder Eigenschaften.,http://www.w3id.org/archlink/terms/conservationthesaurus/DAC996
http://www.w3id.org/archlink/terms/conservationthesaurus/AA3CA7,versalzen,"Im Material oder an der Oberfläche sind lösliche Salze angereichert, die hygroskopisch Wasser aufnehmen und langfristig Schäden verursachen können.",http://www.w3id.org/archlink/terms/conservationthesaurus/C9D991
http://www.w3id.org/archlink/terms/conservationthesaurus/G3D2F5,korrodiert,"Materialumwandlungserscheinungen aufgrund chemischer Reaktionen des Objektmaterials mit seiner Umgebung. Häufig unter Beteiligung von Wasser, Salzen, Säuren oder Basen. Korrosionsprodukte bilden oft Auflagerungen unterschiedlicher Farben und Konsistenzen.",http://www.w3id.org/archlink/terms/conservationthesaurus/C9D991
http://www.w3id.org/archlink/terms/conservationthesaurus/D2FD5A,oxidiert,Bildung von Oxiden auf bzw. mit dem Objektmaterial durch Reaktion mit Sauerstoff.,http://www.w3id.org/archlink/terms/conservationthesaurus/G3D2F5
http://www.w3id.org/archlink/terms/conservationthesaurus/CFC44A,Zinnpest,"Bei Lagerung unter 13°C auftretende Zerstörung von Zinnobjekten, durch Umwandlungsprozesse innerhalb des metallischen Gefüges. Das Schadensbild zeigt sich im Anfangsstadium meist durch Flecken und Pusteln auf der Metalloberfläche, die sich allmählich ausbreiten und bis zur vollständigen Zerstörung des Objektes durch Materialinstabilität fortschreiten kann.",http://www.w3id.org/archlink/terms/conservationthesaurus/G3D2F5
http://www.w3id.org/archlink/terms/conservationthesaurus/DGC3A9,Glaskorrosion,"Fachbegriff für eine Reihe von Schäden, die typischerweise an archäologischen Gläsern beobachtet werden. Durch chemische Reaktionen mit ihrer Umgebung können die Gläser Trübungen, Farbveränderungen, Mattierung der Oberfläche oder auch eine erhöhte Fragilität aufweisen.",http://www.w3id.org/archlink/terms/conservationthesaurus/G3D2F5
http://www.w3id.org/archlink/terms/conservationthesaurus/GC4CA7,Patinabildung,"Natürliche oder künstliche Entstehung einer oberflächlichen Schicht auf dem Objekt, die durch Oxidation, Witterungseinflüsse oder chemische Reaktionen des Objektwerkstoffes entsteht. Diese Schicht sorgt für einen Schutz des darunterliegenden Materials vor weiteren korrosovienen Einflüssen.",http://www.w3id.org/archlink/terms/conservationthesaurus/G3D2F5
http://www.w3id.org/archlink/terms/conservationthesaurus/F9C118,Lochkorrosion,"Bildung von lokalen, punktuellen Vertiefungen oder Löchern auf der Oberfläche eines Objektes, die durch chemische Reaktionen in einem korrosiven Umfeld entstehen. Diese Korrosionserscheinung schwächt das Material lokalisiert und kann zu strukturellen Schäden führen, insbesondere wenn sie unbehandelt bleibt.",http://www.w3id.org/archlink/terms/conservationthesaurus/G3D2F5
http://www.w3id.org/archlink/terms/conservationthesaurus/D68BAA,Flächenkorrosion,"Über einen großen Bereich der Oberfläche (oder die gesamte Oberfläche) des Objektes verteilt findet ein Korrosionsangriff statt, der zu einem gleichmäßigen Abtrag und der Verdünnung des Materials führt. Die strukturelle Integrität als auch das ästhetische Erscheinungsbild des Objektes sind beeinträchtigt.",http://www.w3id.org/archlink/terms/conservationthesaurus/G3D2F5
http://www.w3id.org/archlink/terms/conservationthesaurus/BCDC47,Bimetallkorrosion,"Korrosionsangriff, der durch die Berührung zweier Metalle mit unterschiedlicher Elektronegativität auftritt. An den Berührungspunkten entsteht, unter Anwesenheit eines Elektrolyten (z.B. Wasser/Luftfeuchtigkeit), eine galvanische Zelle bei der das unedlere Metall als Anode fungiert und entsprechend korrodiert wird, während das edlere Metall als Kathode relativ unbeschädigt bleibt. Typische Beobachtungen bei Kontaktkorrosion sind eine verstärkte Korrosion an den Berührungsstellen der beiden Metalle sowie Verfärbungen, Materialverlust und Ablagerungen von Korrosionsprodukten.",http://www.w3id.org/archlink/terms/conservationthesaurus/G3D2F5
http://www.w3id.org/archlink/terms/conservationthesaurus/BFDB22,Spannungsrisskorrosion,"Rissbildung bis hin zum vollständigen Versagen des Materials durch Eigenspannungen im Werkstoffgefüge in Kombination mit korrosiven Umgebungsbedingungen (u.a. die Anwesenheit eines Elektrolyten). Erstes Anzeichen einer beginnenden Spannungsrisskorrosion ist eine feine, vielfach verzweigte Rissbildung an Stellen mit hoher Spannung oder Materialdefekten.",http://www.w3id.org/archlink/terms/conservationthesaurus/G3D2F5
http://www.w3id.org/archlink/terms/conservationthesaurus/F7F2A4,Spaltkorrosion,"Korrosionserscheinung, die örtlich begrenzt zur Spaltbildung zwischen Oberflächen führt.",http://www.w3id.org/archlink/terms/conservationthesaurus/G3D2F5
http://www.w3id.org/archlink/terms/conservationthesaurus/G2AFC3,interkristalline Korrosion,Korrosionsangriff entlang der Korngrenzen eines Metalls oder einer Legierung.,http://www.w3id.org/archlink/terms/conservationthesaurus/G3D2F5
http://www.w3id.org/archlink/terms/conservationthesaurus/B9C457,Bronzekrankheit,"Bildung von hellgrünen, pulverförmigen Agglomeraten in der Matrix eines Buntmetallobjektes, dass die originale Oberfläche und das ursprüngliche Aussehen des Objektes negativ beeinflusst. Die Bildung dieser Produkte ist auf eine fortschreitende Korrosion, durch die Wechselwirkung von enthaltenen Chloriden und den metallischen Bestandteilen des Objektes bei hoher Luftfeuchtigkeit, zurück zu führen.",http://www.w3id.org/archlink/terms/conservationthesaurus/G3D2F5
http://www.w3id.org/archlink/terms/conservationthesaurus/DD6CC9,mineralisiert,Umwandlung und Erhaltung organischer Materialien durch Einlagerung mineralischer Substanzen.,http://www.w3id.org/archlink/terms/conservationthesaurus/C9D991
http://www.w3id.org/archlink/terms/conservationthesaurus/B19D33,Pseudomorphose,Durch Korrosionsprodukte auf Eisenobjekten in mineralisierter Form abgebildetet Spuren von vergangenem organischen Material,http://www.w3id.org/archlink/terms/conservationthesaurus/G3D2F5
http://www.w3id.org/archlink/terms/conservationthesaurus/A9B23D,verkohlt,Das Objekt zeigt Spuren von Hitze- bzw. Feuereinwirkung in Form von abgebautem oder gänzlich verloren gegangenem Material,http://www.w3id.org/archlink/terms/conservationthesaurus/C9D991
http://www.w3id.org/archlink/terms/conservationthesaurus/B799FA,verätzt,"Die Oberfläche bzw. das Material wurde durch aggressive Chemikalien, Gase oder Umweltstoffe angegriffen und zeigt deutliche Gefügeveränderungen.",http://www.w3id.org/archlink/terms/conservationthesaurus/C9D991
http://www.w3id.org/archlink/terms/conservationthesaurus/AA6941,[Untersuchungsgerät],Zur Untersuchung/Analyse des Objektes bzw. seines Werkstoffs verwendete Gerätschaft,http://www.w3id.org/archlink/terms/conservationthesaurus/CA1BC5
http://www.w3id.org/archlink/terms/conservationthesaurus/A9A54D,Spektrometer,"technisches Geräte, mit dem sich Spektren darstellen und ausmessen lassen.",http://www.w3id.org/archlink/terms/conservationthesaurus/AA6941
http://www.w3id.org/archlink/terms/conservationthesaurus/C33933,Fourier-Transform-Infrarotspektrometer,,http://www.w3id.org/archlink/terms/conservationthesaurus/A9A54D
http://www.w3id.org/archlink/terms/conservationthesaurus/C2788C,RFA-Spektrometer,"Gerät mit dem eine Röntgenfluoreszenzanalyse durchgeführt werden kann. Das Gerät misst dabei die Intensitäten der emmitierten Fluoreszenzsröntgenstrahlung eines Materials/einer Probe, sodass Rückschlüsse auf die Elementzusammensetzung innerhalb der Probe gezogen werden können.",http://www.w3id.org/archlink/terms/conservationthesaurus/A9A54D
http://www.w3id.org/archlink/terms/conservationthesaurus/DG6841,Computertomograph,"technisches Gerät, mit dem dreidimensionale Röntgenaufnahmen und Schichtbilder erzeugt werden können. Das Gerät besteht prinzipiell, ebenso wie das konventionelle Röntgengerät, aus einer Röntgenröhre, die Röntgenstrahlen erzeugt, und einem Detektor, der die Strahlen erfasst. Der Unterschied liegt jedoch in der rotierenden Bewegung des zu untersuchenden Objektes, welches sich auf einem Drehteller zwischen Strahlenquelle und Detektor langsam und gleichmäßig um die eigene Achse dreht. Auf diese Weise wird das Objekt aus verschiedenen Winklen von den Röntgenstrahlen durchleuchtet.",http://www.w3id.org/archlink/terms/conservationthesaurus/AA6941
http://www.w3id.org/archlink/terms/conservationthesaurus/G8D62A,konventionelles Röntgengerät,"technisches Gerät, mit dem zweidimensionale Röntgenaufnahmen erzeugt werden können. Das Gerät besteht dabei aus einer Röntgenröhre, die Röntgenstrahlen erzeugt und einem Detektor oder Film, der die Strahlen erfasst. Das zu untersuchende Objekt wird zwischen Röntgenröhre und Detektor positioniert und somit von den Strahlen aus der Strahlenquelle durchleuchtet. Im Gegensatz zum Aufbau eines CT-Scanners handelt es sich beim konventionellen Röntgengerät um einen starren Aufbau, bei dem keine Bewegung während des Aufnahmevorgangs stattfindet.",http://www.w3id.org/archlink/terms/conservationthesaurus/AA6941
http://www.w3id.org/archlink/terms/conservationthesaurus/B538AG,Mikroskop,"Instrument, zur detaillierten bildlichen Darstellung von mikroskopisch kleinen Strukturen, die für das menschliche Auge ohne Hilfmittel nicht erkennbar sind. Mit Hilfe von Linsen und Licht oder Elektronenstrahlen, können die Strukturen/Abbildungen vergrößert und für das menschliche Auge wahrnehmbar gemacht werden.",http://www.w3id.org/archlink/terms/conservationthesaurus/AA6941
http://www.w3id.org/archlink/terms/conservationthesaurus/FC2113,Lichtmikroskop,"Instrument, bei dem mit Hilfe von sichtbarem Licht Objekte vergrößert betrachtet werden können. Es besteht aus einer Lichtquelle, Linsen und einer Bildgebungseinheit, die es ermöglichen, Details von Objekten im Bereich von Mikrometern bis Millimetern zu visualisieren.",http://www.w3id.org/archlink/terms/conservationthesaurus/B538AG
http://www.w3id.org/archlink/terms/conservationthesaurus/A75779,Stereomikroskop,"optisches Lichtmikroskop, das zwei getrennte Strahlengänge verwendet um ein dreidimensionales Bild eines Objektes zu erzeugen. Dadurch können detaillierte Oberflächenstrukturen besser untersucht werden. Es bietet eine geringere Vergrößerung im Vergleich zu anderen Mikroskopen aber eine größerer Tiefenschärfe.",http://www.w3id.org/archlink/terms/conservationthesaurus/FC2113
http://www.w3id.org/archlink/terms/conservationthesaurus/A7FA3B,Polarisationsmikroskop,"spezielles Lichtmikroskop, das polarisiertes Licht verwendet, um die optischen Eigenschaften von Materialien zu untersuchen. Bei Polarisationsmikroskopen handelt es sich in der Regel um Durchlichtmikroskope, bei denen unterhalb des Objekttisches ein Polarisationsfilter (Polarisator) über der Lichtquelle eingebracht ist. Dieser polarisiert das aus der Lichtquelle austretende Licht linear und lässt somit nur in einer Schwingungsebene schwingendes Licht durch das Präperat auf dem Objekttisch. Oberhalb des Objektives trifft dieses Licht auf einen weiteren Polarisationsfilter (Analysator), der das durch das Präperat geleitete Licht analysiert. Auf diese Weise werden z.B. bei kristallinen Substanzen charakteristische Eigenschaften wie Farbe, innere Strukturen, Doppelbrechung, optische Aktivität oder Stressmuster sichtbar, was wiederum eine nähere Differenzierung des untersuchten Materials ermöglicht.",http://www.w3id.org/archlink/terms/conservationthesaurus/FC2113
http://www.w3id.org/archlink/terms/conservationthesaurus/A9F854,Fluoreszenzmikroskopen,"spezielles Lichtmikroskop, welches die Fluoresenz von Stoffen, bei einer Anregung mit spezifischen Wellenlängen, zur Visualisierung von internen Strukturen, Anordnungen und Zusammensetzungen nutzt. Die Probe wird dabei gezielt mit Licht einer bestimmten Wellenlänge beleuchtet und die emittierte Fluoresenzstrahlung erfasst. Besonders gut können dabei Strukturen erfasst werden, wenn nur ein Teil der Probe fluorisziert und sich somit die hellen Signale vor dem dunklen Hintergrund der nicht fluoreszierenden Stoffe abheben.",http://www.w3id.org/archlink/terms/conservationthesaurus/FC2113
http://www.w3id.org/archlink/terms/conservationthesaurus/B94DCD,Auflichtmikroskop,"Lichtmikroskop, bei dem die Lichtquelle von oben oder von der Seite auf das zu betrachtende Objekt/ die Probe gerichtet ist. Das Objekt reflektiert die auftreffenden Lichtstrahlen, die dann durch das Objektiv hindurch mit Hilfe von Spiegeln in Richtung des Okulars und damit auf das menschliche Auge bzw. auf eine Kamera gelenkt werden. Auf diese Weise können bei lichtundurchlässigen Objekten die oberflächlichen Strukturen, wie z.B. Feilspuren der Herstellung auf Metallobjekten, vergrößert betrachtet werden.",http://www.w3id.org/archlink/terms/conservationthesaurus/FC2113
http://www.w3id.org/archlink/terms/conservationthesaurus/A9611D,Durchlichtmikroskop,"Lichtmikroskop, bei dem sich die Lichtquelle unterhalb des Objekttisches befindet und das Licht somit durch das Präperat hindurch geleitet wird, bevor es vom Objektiv eingefangen und weiter zum Okular und schließlich auf das menschliche Auge bzw. auf eine Kamera gelenkt wird. Auf diese Weise können die inneren Strukturen durchsichtiger/durchscheinender bzw. dünn geschnittener Präperate vergrößert sichtbar gemacht werden.",http://www.w3id.org/archlink/terms/conservationthesaurus/FC2113
http://www.w3id.org/archlink/terms/conservationthesaurus/AG4G3C,Digitalmikroskop,"Lichtmikroskop ohne Okular, bei dem die vom Objektiv eingefangenen Lichtstrahlen auf eine Kamera gelenkt werden. Über einen mit der Kamera verbundenen Bildschirm wird der durch das Mikroskop eingefangene Bildausschnitt digital sichtbar.",http://www.w3id.org/archlink/terms/conservationthesaurus/FC2113
http://www.w3id.org/archlink/terms/conservationthesaurus/B7AF8G,Konfokalmikroskop,"Spezielle Art des Lichtmikroskops, bei dem nur einzelne Bereiche der zu untersuchenden Probe mit einer punkförmigen Lichquelle beleuchtet werde. Diese Beleuchtung wird Schritt für Schritt über die gesamte Probe gerastert, sodass nacheinander an allen Bereichen der Probe die Lichtintensitäten des reflektierten oder fluoreszierten Lichtes gemessen und zu einem gesamt Bild konstruiert wird.",http://www.w3id.org/archlink/terms/conservationthesaurus/FC2113
http://www.w3id.org/archlink/terms/conservationthesaurus/B764C6,Rasterelektronenmikroskop,"Mikroskop, bei dem ein erzeugter Elektronenstrahl gezielt auf die Oberfläche eines Objekt gelenkt wird, diese in einem bestimmten Muster abrastert und durch die Wechselwirkung zwischen Elektronen und Objektoberfläche eine Abbildung der Oberflächenbeschaffenheit erzeugt wird.",http://www.w3id.org/archlink/terms/conservationthesaurus/B538AG
http://www.w3id.org/archlink/terms/conservationthesaurus/G8C987,UV-Lampe,"Lichquelle, die ultraviolettes Licht emittieren kann. In der Regel handelt es sich dabei um Lampen mit UV-A Filter, Gasentladungslampen oder spezielle LEDs.",http://www.w3id.org/archlink/terms/conservationthesaurus/AA6941
http://www.w3id.org/archlink/terms/conservationthesaurus/D4A13D,[Untersuchungsmethode],strukturierender Sammelbegriff für verschiedene Vorgehensweisen bei der Untersuchung von Objekten,http://www.w3id.org/archlink/terms/conservationthesaurus/CA1BC5
http://www.w3id.org/archlink/terms/conservationthesaurus/G9B788,Materialanalyse,Analyse des Objektswerkstoffes auf spezifische Eigenschaften,http://www.w3id.org/archlink/terms/conservationthesaurus/D4A13D
http://www.w3id.org/archlink/terms/conservationthesaurus/G17B8B,Analyse der chemischen Zusammensetzung,"Methode, bei der mit Hilfe technischer Geräte die Eigenschaften von Stoffen untersucht und Rückschlüsse auf die chemische Zusammensetzung von Materialien gezogen werden kann.",http://www.w3id.org/archlink/terms/conservationthesaurus/G9B788
http://www.w3id.org/archlink/terms/conservationthesaurus/FCB7A5,Röntgenfluoresezenzanalyse,,http://www.w3id.org/archlink/terms/conservationthesaurus/G9B788
http://www.w3id.org/archlink/terms/conservationthesaurus/BFGB1A,Laser Ablation – Inductively Coupled Plasma – Mass Spectrometry,,http://www.w3id.org/archlink/terms/conservationthesaurus/G9B788
http://www.w3id.org/archlink/terms/conservationthesaurus/GA6422,Laserinduzierte Plasmaspektroskopie,,http://www.w3id.org/archlink/terms/conservationthesaurus/G17B8B
http://www.w3id.org/archlink/terms/conservationthesaurus/G69G4B,Optische Emissionsspektrometrie mit induktiv gekoppeltem Plasma,,http://www.w3id.org/archlink/terms/conservationthesaurus/G17B8B
http://www.w3id.org/archlink/terms/conservationthesaurus/DADDD6,Instrumentelle Neutronenaktivierungsanalyse,,http://www.w3id.org/archlink/terms/conservationthesaurus/G17B8B
http://www.w3id.org/archlink/terms/conservationthesaurus/DG129D,energiedispersive Röntgenspektroskopie,,http://www.w3id.org/archlink/terms/conservationthesaurus/G17B8B
http://www.w3id.org/archlink/terms/conservationthesaurus/C2DF6G,Fourier-Transform-Infrarotspektrometrie,"analytische Methode, die zur Identifizierung und Charakterisierung von organischen und anorganischen Verbindungen verwendet wird. Das Prinzip beruht auf der Interferenz von Strahlung zwischen zwei Lichtstrahlen, bei der die Änderung der Weglänge zwischen den beiden Strahlen in Form eines Signals (Interferogram) gemessen und als Infrarotspektrum am Computer ausgewertet werden kann. Dieses gibt Auskunft über die molekulare Struktur und chemische Zusammensetzung einer Probe.",http://www.w3id.org/archlink/terms/conservationthesaurus/G17B8B
http://www.w3id.org/archlink/terms/conservationthesaurus/CG676B,Analyse der isotopischen Zusammensetzung,,http://www.w3id.org/archlink/terms/conservationthesaurus/G9B788
http://www.w3id.org/archlink/terms/conservationthesaurus/A17652,Multicollector-Inductively Coupled Plasma Mass Spectrometry,,http://www.w3id.org/archlink/terms/conservationthesaurus/CG676B
http://www.w3id.org/archlink/terms/conservationthesaurus/G87B12,Thermoionisations-Massenspektrometrie,,http://www.w3id.org/archlink/terms/conservationthesaurus/CG676B
http://www.w3id.org/archlink/terms/conservationthesaurus/D5F8G2,Gaschromatographie mit Massenspektrometrie,,http://www.w3id.org/archlink/terms/conservationthesaurus/CG676B
http://www.w3id.org/archlink/terms/conservationthesaurus/G13A7B,Strukturanalyse,"Sammelbegriff für Analysen, die die innere Struktur eines Objektes sichtbar machen bzw. diese auf spezifische Eigenschaften untersuchen",http://www.w3id.org/archlink/terms/conservationthesaurus/G9B788
http://www.w3id.org/archlink/terms/conservationthesaurus/FFA1AC,Ramanspektroskopie,,http://www.w3id.org/archlink/terms/conservationthesaurus/G13A7B
http://www.w3id.org/archlink/terms/conservationthesaurus/D3BFFF,Rasterelektronenmikroskopie,Methode mit dem die Objektoberfläche durch das Abrastern mit einem Elektronenstrahl vergrößert abgebildet wird. Erzeugt wird das Bild der Objektoberfläche durch die Wechselwirkungen der Elektronen mit dem Objekt.,http://www.w3id.org/archlink/terms/conservationthesaurus/G13A7B
http://www.w3id.org/archlink/terms/conservationthesaurus/FB231A,Röntgenuntersuchung,Sammelbegriff für Verfahren zur bildhaften Darstellung inneren Strukturen eines Objektes mit Hilfe von Röntgenstrahlen,http://www.w3id.org/archlink/terms/conservationthesaurus/G13A7B
http://www.w3id.org/archlink/terms/conservationthesaurus/A2B5A3,konventionelle Radiographie,"zerstörungsfreies, bildgebendes Verfahren bei dem das Objekt mit Röntgenstrahlen durchleuchtet und auf einem Röntgenfilm oder Detektor abgebildet wird. Das Röntgenbild zeigt eine Abbildung des dreidimensionalen Objektes auf einer zweidimensionalen Fläche. Je nach Dichte des untersuchten Materials werden die Röntgenstrahlen unterschiedlich stark absorbiert und zeigen eine dunklere oder hellere Darstellung auf dem belichteten Röntgenfilm. Mit Hilfe dieses Verfahrens lassen sich z.B. korrodierte Metalle untersuchen, da das Metall in seiner metallischen Form dichter ist als seine Korrosionsprodukte. Auf dem Röntgenfilm ist es daher heller abgebildet und lässt sich von den weniger deutlich sichtbaren Korrosionsprodukten unterscheiden.",http://www.w3id.org/archlink/terms/conservationthesaurus/FB231A
http://www.w3id.org/archlink/terms/conservationthesaurus/AF9A88,Röntgen-Computertomographie,"Bildgebendes Verfahren, bei dem das Objekt aus mehreren Richtungen mit Röntgenstrahlen durchleuchtet wird. Je nach Dichte des untersuchten Materials werden die Röntgenstrahlen unterschiedlich stark absorbiert. Durch die verschiedenen Richtungen, aus denen die Röntgenstrahlen durch das Objekt treten, entstehen mehrere Absorptionsprofile. Diese werden nach Abschluss der Aufnahmen mit Hilfe des Computers zu digitalen Schnittbildern zusammengerechnet. In dem mehrere angrenzende Schnittbilder zusammengesetzt und die Volumengrafiken errechnet werden, lassen sich dreidimensionale Darstellungen der inneren Struktur des untersuchten Objektes erzeugen.",http://www.w3id.org/archlink/terms/conservationthesaurus/FB231A
http://www.w3id.org/archlink/terms/conservationthesaurus/FFAF3C,Röntgendiffraktion,,http://www.w3id.org/archlink/terms/conservationthesaurus/G13A7B
http://www.w3id.org/archlink/terms/conservationthesaurus/C5BD13,Datierung,"Methode anhand spezifischer Materialeigenschaften das Alter des Materials, und damit des Objektes, zu bestimmen.",http://www.w3id.org/archlink/terms/conservationthesaurus/G9B788
http://www.w3id.org/archlink/terms/conservationthesaurus/B3G5C7,Dendrochronologie,,http://www.w3id.org/archlink/terms/conservationthesaurus/C5BD13
http://www.w3id.org/archlink/terms/conservationthesaurus/F6739F,Radiokarbondatierung,,http://www.w3id.org/archlink/terms/conservationthesaurus/C5BD13
http://www.w3id.org/archlink/terms/conservationthesaurus/A946B5,chemische Untersuchung,"Untersuchungsmethode von Materialien und ihren Eigenschaften mit Hilfe chemischer Reagenzien. Bei dieser Untersuchungsart können zum einen unbekannte Materialien identifiziert, bzw. näher eingegrenzt und zum anderen Verhaltensweisen von Materialien in klar definierten Rahmenbedingungen untersucht werden.",http://www.w3id.org/archlink/terms/conservationthesaurus/G9B788
http://www.w3id.org/archlink/terms/conservationthesaurus/DCD522,Mikro-Quelltest,,http://www.w3id.org/archlink/terms/conservationthesaurus/A946B5
http://www.w3id.org/archlink/terms/conservationthesaurus/F66444,Spot-Test,Qualitätive Untersuchungsmöglichkeit unbekannter Materialien. Eine Probe der unbekannten Substanz wird mit einer definierten chemischen Substanz oder Lösung in Kontakt gebracht und sämtliche auftretenden Reaktionen dokumentiert. Mit Hilfe von detaillierten Referenzbeschreibungen können die Beobachtungen ausgewertet und das unbekannte Material identifiziert oder zumindest die zugehörige Stoffklasse näher eingegrenzt werden.,http://www.w3id.org/archlink/terms/conservationthesaurus/A946B5
http://www.w3id.org/archlink/terms/conservationthesaurus/DAA4F8,Oddy-Test,,http://www.w3id.org/archlink/terms/conservationthesaurus/A946B5
http://www.w3id.org/archlink/terms/conservationthesaurus/F7AGD2,Probennahme,"Entnahme einer Stichprobe nach spezifischen Verfahren je nach angedachter Untersuchungsmethode. Die Probennahme dient dazu Aussagen zur Beschaffenheit, Zusammensetzung und/oder charakterischischen Eigenschaften eines Materials treffen zu können.",http://www.w3id.org/archlink/terms/conservationthesaurus/G9B788
http://www.w3id.org/archlink/terms/conservationthesaurus/DD4383,Brennprobe,,http://www.w3id.org/archlink/terms/conservationthesaurus/G9B788
http://www.w3id.org/archlink/terms/conservationthesaurus/BAA12F,Photogrammetrie,,http://www.w3id.org/archlink/terms/conservationthesaurus/D4A13D
http://www.w3id.org/archlink/terms/conservationthesaurus/CA7279,visuelle Begutachtung,Betrachtung und Einschätzung des optischen Erscheinungsbildes/Zustandes des Objektes mit dem menschlichen Auge,http://www.w3id.org/archlink/terms/conservationthesaurus/D4A13D
http://www.w3id.org/archlink/terms/conservationthesaurus/B53C8F,UV-Lumineszenz-Untersuchung,"zerstörungsfreie Untersuchungsmethode, bei der das Objekt mit UV-Licht bestrahlt wird. Befinden sich in dem Objektmaterial fluoreszierende Stoffe werden diese durch die kurzwelligen UV-Strahlen zum Leuchten angeregt und gegenüber den nicht fluoreszierenden Stoffen sichtbar. Auf diese Weise lassen sich z.B. Klebstoffe, Überzüge, Retuschen und Übermalungen auf bereits restaurierten Objekten sichtbar machen, die mit dem bloßen Auge im Tageslicht nicht zu erkennen sind. Als Methode zur Identifizierung eines Stoffes ist die UV-Fluoreszenz nur bedingt geeignet. Viele Stoffe zeigen zwar eine charakteristische Färbung in ihrer Fluoreszenz, die mit Hilfe von Referenztabellen bestimmt werden kann, allerdings können Verunreinigungen (wie z.B. Staub) die Fluoreszenz stark beeinträchtigen, indem sie entweder die natürliche Fluorezenz des Materials auslöschen oder selbst fluoreszieren.",http://www.w3id.org/archlink/terms/conservationthesaurus/CA7279
http://www.w3id.org/archlink/terms/conservationthesaurus/D4AC7A,mikroskopische Untersuchung,Begutachtung eines Objektes mit dem menschlichen Auge mit Hilfe eines Mikroskops,http://www.w3id.org/archlink/terms/conservationthesaurus/CA7279
http://www.w3id.org/archlink/terms/conservationthesaurus/A18D95,Konservierungskonzept,"Festlegung des anzustrebenden Konservierungs-/Restaurierungsziels, Planung/Entwicklung der methodischen Vorgehensweise zur Erhaltung und Wiederherstellung des Objektes, Zeitplanung und Risikoabschätzung, basierend auf den Ergebnissen der Zustandserfassung.",
http://www.w3id.org/archlink/terms/conservationthesaurus/DA4158,Konservierungs-/Restaurierungsziel,"Festlegung der spezifischen Ziele und Absichten, die bei der Restaurierung oder Konservierung eines Objektes verfolgt werden. Diese Ziele können vielfältig sein und umfassen typischerweise den Erhalt des Objekts in seiner gegenwärtigen Form, die Wiederherstellung seiner ästhetischen Erscheinung, die Sicherung seiner strukturellen Integrität sowie die Erhaltung seiner historischen oder kulturellen Bedeutung für zukünftige Generationen.",http://www.w3id.org/archlink/terms/conservationthesaurus/A18D95
http://www.w3id.org/archlink/terms/conservationthesaurus/AC1786,Zeitplanung,Einschätzung und Planung des für das Erreichen des Konservierungs-/Restaurierungsziels benötigten Zeitrahmens,http://www.w3id.org/archlink/terms/conservationthesaurus/A18D95
http://www.w3id.org/archlink/terms/conservationthesaurus/CDD6B5,Risikobeurteilung,"Systematischer Prozess zur Bestimmung, Bewertung und Priorisierung potenzieller Gefahren, die das Objekt bzw. dessen Werkstoff beeinträchtigen könnten. Durch die Risikobeurteilung können die benötigten Maßnahmen zur Minimierung der festgestellten Risiken gezielt gewählt werden, um einen langfristigen Erhalt des Objektes zu gewährleisten.",http://www.w3id.org/archlink/terms/conservationthesaurus/A18D95
http://www.w3id.org/archlink/terms/conservationthesaurus/GDF23F,Methodik,"Planung der strukturierten Vorgehensweise bei der praktischen Durchführung zur Erreichung des festgelegten Restaurierungs-/Konservierungsziel. Basierend auf den Erkenntnissen der Zustandserfassung sowie unter Berücksichtigung der Risikobeurteilung und der Zeitplanung werden die geeignetsten Methoden und Techniken, die benötigten Materialien sowie Werkzeuge festgelegt.",http://www.w3id.org/archlink/terms/conservationthesaurus/A18D95
http://www.w3id.org/archlink/terms/conservationthesaurus/CFGDA3,Maßnahme,Ausführung der im Restaurierungskonzept geplanten Vorgehensweisen zur Erreichung des festgelegten Restaurierungs-/Konservierungsziel,
http://www.w3id.org/archlink/terms/conservationthesaurus/D32A26,Konservierung,Vorkehrungen oder Eingriffe zur Stabilisierung eines Objektes.,http://www.w3id.org/archlink/terms/conservationthesaurus/CFGDA3
http://www.w3id.org/archlink/terms/conservationthesaurus/F5G576,präventive Konservierung,"Sammelbegriff für vorbeugende Maßnahmen zur Vermeidung oder Minimierung von künftigen Schaden, Abbau, Verlust und folglich invasivem Eingriff. Bei der präventiven Konservierung findet lediglich eine passive Einwirkung auf das Objekt statt.",http://www.w3id.org/archlink/terms/conservationthesaurus/D32A26
http://www.w3id.org/archlink/terms/conservationthesaurus/AC16G1,Verpacken,Maßnahme zur schützenden/sichernden Umhüllung des Objektes während eines Transportes und/oder der Depotlagerung,http://www.w3id.org/archlink/terms/conservationthesaurus/F5G576
http://www.w3id.org/archlink/terms/conservationthesaurus/D78721,Montage,,http://www.w3id.org/archlink/terms/conservationthesaurus/F5G576
http://www.w3id.org/archlink/terms/conservationthesaurus/F285B2,Risikomanagement,,http://www.w3id.org/archlink/terms/conservationthesaurus/F5G576
http://www.w3id.org/archlink/terms/conservationthesaurus/GG1924,Monitoring,,http://www.w3id.org/archlink/terms/conservationthesaurus/F5G576
http://www.w3id.org/archlink/terms/conservationthesaurus/G98FD4,stabilisierende Konservierung,"Sammelbegriff für Methoden des aktive Eingriffs, der direkt an einem Objekt vorgenommen wird, um weiteren Abbau, Zerfall und/oder Schädigung zu verhindern, zu verzögern und/oder zu begrenzen",http://www.w3id.org/archlink/terms/conservationthesaurus/D32A26
http://www.w3id.org/archlink/terms/conservationthesaurus/C6A532,Entsalzung,Methode zur Entfernung von durch die Bodenlagerung in ein Objekt/Material eingedrungenen Salzen,http://www.w3id.org/archlink/terms/conservationthesaurus/G98FD4
http://www.w3id.org/archlink/terms/conservationthesaurus/B614CA,Feuchtkammermethode,Methode zur Entfernung von Salzen aus Buntmetalllegierungen. Dabei wird das Objekt dünn mit einem Feuchthaltemittel (z.B. Agar-Agar oder Gelatine) eingestrichen und eng mit Aluminium- oder Zinnfolie umwickelt. Das auf  diese Weite präparierte Objekt wird anschließend in eine Feuchtkammer (luftdicht verschlossenes Gefäß mit hoher Luftfeuchtigkeit) gelegt und mehrere Tage darin belassen. Das unedle und damit reaktionsfreudige Aluminium (bzw. Zinn) reagiert dabei mit den enthaltenen Chloridionen zu Aluminium- bzw Zinnchlorid.,http://www.w3id.org/archlink/terms/conservationthesaurus/C6A532
http://www.w3id.org/archlink/terms/conservationthesaurus/C349C5,Kompressenentsalzung,Entfernung von durch die Bodenlagerung eingedrungenen Salzen aus dem Objektwerkstoff durch die Auflage von feuchtigkeitsgetränktem Kompressenmaterial. Durch ein Feuchte- und/oder Konzentrationsgefälle zwischen Objekt und Kompresse werden die Salze durch Diffusion und den Kapillareffekt aus dem Objektmaterial in die Kompresse gezogen.,http://www.w3id.org/archlink/terms/conservationthesaurus/C6A532
http://www.w3id.org/archlink/terms/conservationthesaurus/DA9G57,Badentsalzung,"Entfernung von durch die Bodenlagerung eingedrungenen Salzen aus dem Objektwerkstoff durch das Einlegen des Objektes in eine Badlösung. Durch den osmotischen Druck, basierend auf dem Konzentrationsgefälle zwischen Objekt und der Badlösung, werden die Salze aus dem Objekt gespült.",http://www.w3id.org/archlink/terms/conservationthesaurus/C6A532
http://www.w3id.org/archlink/terms/conservationthesaurus/A1B449,Ausspülung,"Entfernung von durch die Bodenlagerung eingedrungenen Salzen aus dem Objektwerkstoff, indem fließendes Wasser kontinuierlich über das Objekt geleitet wird.",http://www.w3id.org/archlink/terms/conservationthesaurus/C6A532
http://www.w3id.org/archlink/terms/conservationthesaurus/D66263,elektrochemische Entsalzung,Entfernung von durch die Bodenlagerung eingedrungenen Salzen aus dem Objektwerkstoff durch das Anlegen elektrischer Spannung,http://www.w3id.org/archlink/terms/conservationthesaurus/C6A532
http://www.w3id.org/archlink/terms/conservationthesaurus/F72743,Plasmabehandlung,"Methode, bei der mit Hilfe von ionisiertem Gas (Plasma) die korrodierte Oberfläche von Metallobjekten reduziert werden kann. Auf diese Weise lassen sich zum Beispiel dunkle Sulfidflecken entfernen, indem das Silbersulfid zu metallischem Silber reduziert wird.",http://www.w3id.org/archlink/terms/conservationthesaurus/G98FD4
http://www.w3id.org/archlink/terms/conservationthesaurus/DA9CGG,Festigung,Methode zur Verbesserung des inneren Zusammenhaltes oder der mechanischen Stabiliät eines Objektes durch Zuführung eines stabilisierenden Materials,http://www.w3id.org/archlink/terms/conservationthesaurus/G98FD4
http://www.w3id.org/archlink/terms/conservationthesaurus/B26D29,temporäre Stabilisierung,"zeitlich begrenzte, nicht dauerhafte Unterstützung eines fragilen Materials, beispielsweise für einen Transport oder als Erstversorgungsmaßnahme.",http://www.w3id.org/archlink/terms/conservationthesaurus/DA9CGG
http://www.w3id.org/archlink/terms/conservationthesaurus/A9FF5A,Tränkung,"Konservierungsmethode, bei der die poröse/instabile, innere Werkstoffstruktur eines Objektes durch die Einbringung eines sich in Lösung befindlichen Polymers stabilisiert wird. Nach Verflüchtigung des Lösungsmittels bildet das Polymere ein stabiles Gerüst, welches die instabile Struktur des original Objektmaterials zusammenhält und unterstützt.",http://www.w3id.org/archlink/terms/conservationthesaurus/DA9CGG
http://www.w3id.org/archlink/terms/conservationthesaurus/C17A3G,Badtränkung,"Festigungsmethode, bei der das Objekt durch Eintauchen in eine Badlösung gefestigt wird. Der gesamte Porenraum des Objektwerkstoffes wird dabei mit einem sich in Lösung befindlichen Polymers ausgefüllt. Theoretisch sind bei der Badtränkung auch Teiltränung gezielter Bereiche möglich, in dem nur diese Bereiche in das Bad eingetaucht werden. Durch den Kapillareffekt im Inneren eines porösen Materials, kann die Verteilung des gelösten Polymers jedoch nicht genau kontrolliert werden. Aus diesem Grund wird unter einer Badtränkung in der Regel eine Volltränkung des gesamten Objektes verstanden.",http://www.w3id.org/archlink/terms/conservationthesaurus/A9FF5A
http://www.w3id.org/archlink/terms/conservationthesaurus/A9D149,Vacuumtränkung,"Spezielle Art der Badtränkung, bei der die Zugabe des Festigungsmittel (ein gelöstes Polymer) unter Vakuum, z.B. in einem Exsikkator, erfolgt. Durch das erzeugte Vakuum entsteht ein Sog, der die Polymerlösung tiefer in den Porenraum des Objektmaterials zieht. Auf diese Weise ist eine besonders gute Penetration des Objektes mit dem Festigungsmittel möglich. Allerdings ist die Methode nicht für sehr fragile Objekte geeignet, da der erzeugte Druck durch das Vakuum die instabile Struktur des Materials weiter beschädigen könnte.",http://www.w3id.org/archlink/terms/conservationthesaurus/C17A3G
http://www.w3id.org/archlink/terms/conservationthesaurus/CD536F,Pinseltränkung,"Festigungsmethode, bei der ein sich in Lösung befindliches Polymer als Festigungsmittel auf die Oberfläche des Objektes aufgepinselt wird. Der Prozess wird nach Bedarf mehrfach wiederholt um den Sättigungsgrad der Tränkung und somit die stabilisierende Wirkung zu erhöhen. Bei dieser Methode ist eine sehr kontrollierte Einbringung des Festigungsmittels möglich, sodass auch nur gezielte Bereiche eines Objektes gefestigt werden können.",http://www.w3id.org/archlink/terms/conservationthesaurus/A9FF5A
http://www.w3id.org/archlink/terms/conservationthesaurus/G3368F,Pipettentränkung,"Festigungsmethode, bei der ein sich in Lösung befindliches Polymere als Festigungsmittel mit Hilfe einer Pipette auf das Objekt aufgetropft wird. Die Anwendung kann dabei mehrfach wiederholt werden, um den Sättigungsgrad des Objektmaterials und somit die stabilisierende Wirkung zu erhöhen. Wie bei der Pinseltränkung ist ebenfalls eine große Kontrolle der Auftragung möglich und es können gezielt einzelne Bereiche gefestigt werden.",http://www.w3id.org/archlink/terms/conservationthesaurus/A9FF5A
http://www.w3id.org/archlink/terms/conservationthesaurus/BFA1CC,Injektion,Festigungsmethode bei der ein sich in Lösung befindliches Polymer mit einer Spritze gezielt in das Objekt bzw. in innere Hohlräume des Objektes eingebracht werden kann.,http://www.w3id.org/archlink/terms/conservationthesaurus/A9FF5A
http://www.w3id.org/archlink/terms/conservationthesaurus/A31C7C,Verstärkung,"Methode, bei der ein Objekt durch die mechanische Befestigung auf einem festen Material unterstützt/ stabilisiert wird.",http://www.w3id.org/archlink/terms/conservationthesaurus/DA9CGG
http://www.w3id.org/archlink/terms/conservationthesaurus/C7427F,Laminierung (Konservierungsmethode),"Methode, bei der ein fragiles Objekt durch das Hinterlegen mit einem Gewebe (z.B. Glasfaser, Japanpapier, etc.) stabilisiert wird. Durch Tränkung des Gewebes mit einer Polymerlösung entsteht ein stabiles Laminat, das fest mit dem Objektmaterial verbunden ist und dieses bei mechanischer Einwirkung unterstützt.",http://www.w3id.org/archlink/terms/conservationthesaurus/A31C7C
http://www.w3id.org/archlink/terms/conservationthesaurus/D2D988,Trägerbau,"Methode, bei der ein individuell an die Form des Objektes angepasstes Gestell erarbeitet wird, in welches das Objekt eingespannt/aufgelegt/befestigt werden kann. Der Träger ist dabei i.d.R. nicht dauerhaft fest mit dem Objekt verbunden. Durch den Unterbau wird das Objekt bestmöglich gestützt und die mechanische Belastung reduziert.",http://www.w3id.org/archlink/terms/conservationthesaurus/A31C7C
http://www.w3id.org/archlink/terms/conservationthesaurus/GF41DG,Schutzüberzug,Methode zum Schutz der Objektoberfläche vor negativer Einwirkung von außen durch Auftrag eines schützenden Materials,http://www.w3id.org/archlink/terms/conservationthesaurus/G98FD4
http://www.w3id.org/archlink/terms/conservationthesaurus/AF1F5C,Trocknung,Methode zur Entfernung von Feuchtigkeit aus dem Objekt oder von dessen Oberfläche,http://www.w3id.org/archlink/terms/conservationthesaurus/G98FD4
http://www.w3id.org/archlink/terms/conservationthesaurus/A44FD4,Gefriertrocknung,,http://www.w3id.org/archlink/terms/conservationthesaurus/AF1F5C
http://www.w3id.org/archlink/terms/conservationthesaurus/C79561,Restaurierung,"Sammelbegriff für Methoden des aktiven Eingriff an einem stabilen oder stabilisierten Objekt, der darauf abzielen, dessen Verständnis, Wahrnehmung und/oder Wertschätzung, zu verbessern, unter Beachtung dessen ursprünglicher Bedeutung sowie der vorgefundenen oder vermuteten Techniken und Materialien",http://www.w3id.org/archlink/terms/conservationthesaurus/CFGDA3
http://www.w3id.org/archlink/terms/conservationthesaurus/CDD613,Reinigung,"Methode zur Entfernung unerwünschter und/oder potenziell schädlicher Materialien von/aus einem Objekt, um dessen optisches Erscheinungsbild und Lesbarkeit zu verbessern. Der Begriff wird in der Regel vor allem als allgemeinerer Begriff für die Entfernung von locker aufliegenden Verschmutzungen, wie Staub- oder Erdanhaftungen verwendet. Er weist enge Verwandschaft und einen fließenden Übergang zu dem Begriff ""Freilegung"" auf.",http://www.w3id.org/archlink/terms/conservationthesaurus/C79561
http://www.w3id.org/archlink/terms/conservationthesaurus/FF8792,Trockenreinigung,Entfernung ungewollter Substanzen ohne Verwendung von Flüssigkeiten.,http://www.w3id.org/archlink/terms/conservationthesaurus/CDD613
http://www.w3id.org/archlink/terms/conservationthesaurus/C3733A,Feuchtreinigung,"Entfernung ungewollter Substanzen von der Objektoberfläche mit Hilfe leicht angefeuchteter Reinigungsmedien., die in wischenden, rollenden oder reibenden Bewegungen über die Objektfläche geführt werden.",http://www.w3id.org/archlink/terms/conservationthesaurus/CDD613
http://www.w3id.org/archlink/terms/conservationthesaurus/A194CF,Nassreinigung,"Entfernung ungewollter Substanzen durch Durchfeuchtung/ Durchnässung des Objektes, z.B. durch Abspülen unter laufendem Wasser oder Eintauchen in eine Reinigungsflüssigkeit.",http://www.w3id.org/archlink/terms/conservationthesaurus/CDD613
http://www.w3id.org/archlink/terms/conservationthesaurus/G814D2,Freilegung,"Methode zur Entfernung unerwünschter und/oder potenziell schädlicher Materialien von der Oberfläche eines Objektes zur Offenlegung der zuvor verdeckten originalen Objektoberfläche. Der Begriff ""Freilegung"" wird, in Abgrenzung zum Begriff ""Reinigung"", in der Regel hauptsächlich im Bezug auf die Entfernung von Korrosions- oder Sinterauflagerungen verwendet. Der Übergang zwischen den Begriffen muss jedoch als fließend und zum Teil nicht scharf abgrenzbar betrachtet werden.",http://www.w3id.org/archlink/terms/conservationthesaurus/C79561
http://www.w3id.org/archlink/terms/conservationthesaurus/A6A248,maschinelle Freilegung,Freilegung der originalen Objektoberfläche durch Verwendung von Maschinen/ maschinellen Geräten,http://www.w3id.org/archlink/terms/conservationthesaurus/G814D2
http://www.w3id.org/archlink/terms/conservationthesaurus/G3GB59,manuelle Freilegung,Per Hand ausgeführte Freilegung der originalen Oberfläche ohne Verwendung elektrischer Geräte,http://www.w3id.org/archlink/terms/conservationthesaurus/G814D2
http://www.w3id.org/archlink/terms/conservationthesaurus/G8A626,nasschemische Freilegung,Freilegung der originalen Objektoberfläche durch Anwendung von Chemikalien,http://www.w3id.org/archlink/terms/conservationthesaurus/G814D2
http://www.w3id.org/archlink/terms/conservationthesaurus/A13CD1,Klebung,"Methode des Zusammenfügens von Fragmenten und/oder Materialien durch eine adhäsive und kohäsive Verbindung mit Klebstoff, ohne dass das Objektgefüge wesentlich verändert wird.",http://www.w3id.org/archlink/terms/conservationthesaurus/C79561
http://www.w3id.org/archlink/terms/conservationthesaurus/F589G5,Infiltrationsklebung,"Zweischrittige Klebemethode, bei der die einzelnen Fragmente/Teile zunächst temporär miteinander verbunden werden (z.B. durch kleine Klebebandstreifen, Omega-Häkchen, etc.), bis die ursprüngliche Form des Objektes wieder erkennbar ist. Die tatsächliche Klebung erfolgt im zweiten Schritt, durch den gleichzeitigen Auftrag eines dünnflüssigen Klebemittels auf alle Bruchfugen. Aufgrund des Kapillareffekts zwischen den vorfixierten Bruchkanten wird der niedrigviskose Klebstoff in die Bruchfuge gesogen.",http://www.w3id.org/archlink/terms/conservationthesaurus/A13CD1
http://www.w3id.org/archlink/terms/conservationthesaurus/AD143A,Aufbaumethode,"Klebemethode, bei der die einzelnen Fragmente/Teile nacheinander angefügt/geklebt werden und die ursprüngliche Form des Objektes nach und nach wieder aufgebaut wird. Bei Gefäßen bietet es sich häufig an vom Boden zum Rand aufsteigend zu arbeiten, wobei dies von Objekt zu Objekt jeweils individuell entschieden werden sollte.",http://www.w3id.org/archlink/terms/conservationthesaurus/A13CD1
http://www.w3id.org/archlink/terms/conservationthesaurus/F2BDGC,punktuelle Heftung,"Methode, bei der Fragmente lediglich an einzelnen Punkten mit Klebstoffen zusammengefügt werden. Zum Beispiel um bei der Verwendung von Klebstoffen mit langer Aushärtzeit eine erste Fixierung in der gewünschten Position herzustellen.",http://www.w3id.org/archlink/terms/conservationthesaurus/A13CD1
http://www.w3id.org/archlink/terms/conservationthesaurus/A24C1D,temporäre Fixierung,"Methode zur vorübergehenden, nicht dauerhaften Zusammenfügung fragmentierter Objekte, um deren ursprüngliche Form, Konstruktion oder gestalterische Aspekte zu untersuchen oder zu dokumentieren.",http://www.w3id.org/archlink/terms/conservationthesaurus/A13CD1
http://www.w3id.org/archlink/terms/conservationthesaurus/CGC619,Ergänzung (Restaurierungsmethode),Methode zur Schließung von Fehlstellen und/oder Vervollständigung fehlender Objektteile durch das Hinzufügen von Material. Wird nach der modernen archäologischen Restaurierungsethik hauptsächlich aus statischen/stabilisierenden Gründen oder zu Rekonstruktion eines vollkommen unkenntlichen Erscheinungsbildes durchgeführt.,http://www.w3id.org/archlink/terms/conservationthesaurus/C79561
http://www.w3id.org/archlink/terms/conservationthesaurus/GAD222,Einfügung,"Ergänzungsmethode durch separate Herstellung des fehlenden Formteiles eines Objektes und anschließendes Einpassen/Einkleben in die Fehlstelle. Das separate Ausformen der Ergänzung kann durch freies Modellieren, Abnehmen der fehlenden Form an einer anderen Stelle des Objektes oder separate Abformung an einem dem fehlenden Teil ähnlichen Vergleichsobjekt erfolgen.",http://www.w3id.org/archlink/terms/conservationthesaurus/CGC619
http://www.w3id.org/archlink/terms/conservationthesaurus/CBDC4A,Manschettenergänzung,"Ergänzungsmethode, bei der die fehlende Stelle des Objektes mit Hilfe einer, der Form des Objektes entsprechend ausgearbeiteten Manschette hinterlegt oder umschlossen wird. Auf diese Weise kann das Ergänzungsmaterial direkt an das Objekt angegossen und mit wenig Nacharbeit an die benötigte Form der zu ergänzenden Stelle angepasst werden.",http://www.w3id.org/archlink/terms/conservationthesaurus/CGC619
http://www.w3id.org/archlink/terms/conservationthesaurus/DAA82A,einseitige Manschettenergänzung,"Variante der Manschettenergänzung, bei der die Fehlstelle nur von einer Seite (bei Gefäßen i.d.R. die Innenseite) hinterlegt wird, beispielsweise mit einer dünnen Plastilinplatte. Von der freien Seite aus kann dann das Ergänzungsmaterial aufgetragen werden. Diese Art der Ergänzung wird insbesondere für Keramikgefäße angewandt und verlangt die Verwendung eines Ergänzungsmaterials, welches auch nach dem Aushärten/Abbinden noch gut mechanisch bearbeitet werden kann (z.B. Gips).",http://www.w3id.org/archlink/terms/conservationthesaurus/CBDC4A
http://www.w3id.org/archlink/terms/conservationthesaurus/D152G6,beidseitige Manschettenergänzung,"Variante der Manschettenergänzung, bei der die Fehlstelle von beiden Seiten (Außen- und Innenseite bei Gefäßen) umschlossen wird. Hierzu werden zwei Manschetten angefertigt, die jeweils die beiden Seiten der Fehlstelle abdecken. Auf diese Weise wird ein der Materialstärke des Objektes entsprechender Holraum erzeugen, der mit einem Ergänzungsmaterial ausgefüllt werden kann. Diese Ergänzungsvariante wird insbesondere für Glasobjekte verwendet. Auch bei der Wahl von Kunstharzen als Ergänzungsmaterial ist diese Variante zu bevorzugen, da Kunstharze nach dem Aushärten nur noch mit relativ großem Aufwand nachbearbeitet werden können.",http://www.w3id.org/archlink/terms/conservationthesaurus/CBDC4A
http://www.w3id.org/archlink/terms/conservationthesaurus/A6F2C7,Tonkernergänzung,"Ergänzungsmethode für Objekte (i.d.R. Keramikgefäße), bei denen nur noch wenige Teile/Scherben erhalten sind. Voraussetzung ist ein durchgehendes Profil oder eine eindeutige Zuordnung des Objektes zu einer standartisierten Gefäßform. Durch die Ermittlung der ursprünglichen Innenform und dem Durchmesser des Gefäßes wird ein Tonkern angefertig, der diesen Maßen entspricht. Darauf werden die vorhandenen Objektteile/Scherben positioniert und die Fehlstellen durch Auftrag des Ergänzungsmaterials (meist Gips) gefüllt. Durch den Tonkern erhält das aufgetragene Ergänzungsmaterial bereits die ermittelte ursprüngliche Innenform des Objektes/Gefäßes, sodass lediglich die Außenform an die Form der erhaltenen Objektteile angeglichen werden muss.",http://www.w3id.org/archlink/terms/conservationthesaurus/CGC619
http://www.w3id.org/archlink/terms/conservationthesaurus/BD119A,Retusche,"Methode zur farbigen Nachfassung ergänzter Bereiche um sie, im Vergleich zum originalen Material, weniger stark in den Vordergrund treten zu lassen. In der Regel werden die Ergänzungen im gleichen Farbton, aber eine Nuance heller als das original Material, eingefärbt.",http://www.w3id.org/archlink/terms/conservationthesaurus/CGC619
http://www.w3id.org/archlink/terms/conservationthesaurus/D865C3,Überarbeitung,"Sammelbegriff für Methoden, bereits durchgeführte Maßnahmen (Altrestaurierungen/-Konservierungen) aber auch temporäre Stabilisierungen z.B. für die Bergung im Feld oder den Transport in die Werkstatt, zu überarbeiten bzw. zu entfernen. Dies kann der Fall sein, wenn z.B. verwendete Materialien im Laufe der Zeit selbst von Abbauprozessen negativ beeinflusst wurden oder ehemals angewandte Methoden/Materialien nicht mehr dem aktuellen Zeitgeist der Restaurierungsethik entsprechend.",http://www.w3id.org/archlink/terms/conservationthesaurus/C79561
http://www.w3id.org/archlink/terms/conservationthesaurus/F57A2A,temporäre Stabilisierung entfernt,"Methode, bei der die für einen temporären Zeitraum gefertigten Stabilisierungen entfernt werden. Dies bezieht sich z.B. auf vorübergehende Einhausungen für den Transport von Objekten.",http://www.w3id.org/archlink/terms/conservationthesaurus/D865C3
http://www.w3id.org/archlink/terms/conservationthesaurus/DGF99C,Blockbergung aufgelöst,"Methode bei der ein en-bloc geborgenes Objekt bzw. Fundkomplex systematisch unter Laborbedingungen freigelegt, dokumentiert und aus dem Blockverbund herausgelöst wird.",http://www.w3id.org/archlink/terms/conservationthesaurus/D865C3
http://www.w3id.org/archlink/terms/conservationthesaurus/C6C3CF,frühere Restaurierungsmaterialien entfernt,"Methode, bei der im Zuge voran gegangener Konservierungs- und/oder Restaurierungsmaßnahmen eingebrachte Materialien von bzw. aus dem Objekt entfernt werden.",http://www.w3id.org/archlink/terms/conservationthesaurus/D865C3
http://www.w3id.org/archlink/terms/conservationthesaurus/CA59C2,Klebungen entfernt,"Methode, bei der zu einem früheren Zeitpunkt durchgeführte Klebungen gelöst und die verbliebenen Klebstoffreste entfernt werden.",http://www.w3id.org/archlink/terms/conservationthesaurus/C6C3CF
http://www.w3id.org/archlink/terms/conservationthesaurus/B2642A,Oberflächenbeschichtungen entfernt,"Methode, bei der zu einem früheren Zeitpunkt auf die Objektoberfläche aufgebrachte Beschichtungen entfernt werden.",http://www.w3id.org/archlink/terms/conservationthesaurus/C6C3CF
http://www.w3id.org/archlink/terms/conservationthesaurus/FGBB54,Ergänzungsmaterialien entfernt,"Methode, bei der zu einem früheren Zeitpunkt ausgeführte Ergänzungsarbeiten aus dem Objekt heraus gelöst und entfernt werden.",http://www.w3id.org/archlink/terms/conservationthesaurus/C6C3CF
http://www.w3id.org/archlink/terms/conservationthesaurus/C364G1,Konservierungs- und Restaurierungsmaterialien,strukturierender Sammelbegriff für sämtliche zur Konservierung und/oder Restaurierung eines Objektes verwendeter (Verbrauchs-)Materialien,http://www.w3id.org/archlink/terms/conservationthesaurus/CFGDA3
http://www.w3id.org/archlink/terms/conservationthesaurus/C421BF,Lösungsmittel,"Substanz, die in der Lage ist andere Stoffe (Feststoffe, Flüssigkeiten oder Gase) zu lösen, ohne dabei selbst eine chemische Reaktion mit diesem Stoff einzugehen. Das Lösungsmittel bildet eine homogene Mischung (Lösung) mit dem gelösten Stoff, in der die Moleküle des gelösten Stoffes in der Matrix des Lösemittels fein verteilt sind. Diese Stoffe werden in der Konservierung/Restaurierung als Reinigungsmittel für die Entfernung unerwünschter Substanzen von/aus einem Objekt verwendet und gleichzeitig auch als Lösungsmittel von Polymeren für die Herstellung lösemittelbasierter Klebstoffe bzw. Lacke.",http://www.w3id.org/archlink/terms/conservationthesaurus/C364G1
http://www.w3id.org/archlink/terms/conservationthesaurus/G34563,Siedegrenzbenzin,"leichtflüchtige, klare Flüssigkeit mit charakteristisch benzinartigem Geruch. Je nach Produkt können unterschiedliche Zusammensetzungen aus aliphatischen und aromatischen Kohlenwasserstoffen enthalten sein, die zu spezifischen physikalischen und chemischen Eigenschaften führen. In der Restaurierung wird Siedegrenzbenzin aufgrund seiner Eigenschaften als unpolares Lösungsmittel zur Reinigung/Entfernung von apolaren Stoffen, zur Entfettung von Oberflächen, sowie zur Herstellung von Lösungen verwendet.",http://www.w3id.org/archlink/terms/conservationthesaurus/C421BF
http://www.w3id.org/archlink/terms/conservationthesaurus/A32B47,Shellsol A,"farblos, klare Flüssigkeit die als hocharomatisches, unpolares Lösungsmittel fungiert und mit den meisten organischen Flüssigkeiten mischbar ist. In der Konservierung und Restaurierung wird es hauptsächlich als Lösungsmittel für viele Öle, Fette, Wachse und Natur- bzw. Kunstharze eingesetzt.",http://www.w3id.org/archlink/terms/conservationthesaurus/G34563
http://www.w3id.org/archlink/terms/conservationthesaurus/A7B4F9,Shellsol T,"farbloses, klares unpolares Lösungsmittelgemisch aus Iso-Aliphaten. Es ist nahezu aromatenfrei und geruchsarm. In der Restaurierung findet es Verwendung als Ersatz für Balsamterpentinöl, als Lösemittel für Öle, Wachse, ölbasierte Lacke und Farben",http://www.w3id.org/archlink/terms/conservationthesaurus/G34563
http://www.w3id.org/archlink/terms/conservationthesaurus/DFD1B7,Wasser,"natürlich vorkommende, klare Flüssigkeit mit dem chemischen Symbol H2O. In der Konservierung und Restaurierung wird Wasser in verschiedenen Reinheitsgraden als universelles Lösungs- bzw. Reinigungsmittel verwendet, das aufgrund seiner Polarität und chemischen Neutralität für die schonende Entfernung von Schmutz, Ablagerungen und löslichen Salzen geeignet ist. Es kann dabei in reiner Form oder als Bestandteiler einer wässrigen Lösung mit anderen chemischen Substanzen angewandt werden, um die spezifischen Bedürfnisse verschiedener Materialien zu erfüllen. Bei unsachgemäßer Anwendung kann Wasser jedoch auch zu Schädigungen von wasserempfindlichen Materialien oder zur Förderung von Korrosion führen.",http://www.w3id.org/archlink/terms/conservationthesaurus/C421BF
http://www.w3id.org/archlink/terms/conservationthesaurus/B6C1A7,Destilliertes Wasser,"Wasser, bei dem durch Erhitzen und Rekondensieren des Dampfes nahezu alle gelösten Mineralien, Salze und Verunreinigungen entfernt wurden.",http://www.w3id.org/archlink/terms/conservationthesaurus/DFD1B7
http://www.w3id.org/archlink/terms/conservationthesaurus/BBF7BG,Demineralisiertes Wasser,"Wasser, aus dem die meisten gelösten Mineralien entfernt wurden. Dies kann durch verschiedene Methoden erreicht werden. Je nach Grad der Reinheit wird demineralisiertes Wasser auch deionisiertes oder vollentsalztes Wasser genannt. Demineralisiertes Wasser unterscheidet sich von destilliertem Wasser durch möglicherweise im Wasser verbliebene apolare oder organische Stoffe.",http://www.w3id.org/archlink/terms/conservationthesaurus/DFD1B7
http://www.w3id.org/archlink/terms/conservationthesaurus/D72F3A,Aceton,"klare, charakteristisch aromatisch-süßlich riechende Flüssigkeit, die als weitverbreitestes organisches Lösungsmittel für eine Vielzahl an Polymeren, Fetten, Wachsen und Ölen verwendet wird. Aceton ist stark flüchtig und eignet sich aufgrund seiner schnellen Verdunstung und starken Lösungskraft sehr gut für gezielte Reinigungsarbeiten, ohne das zu behandelne Material zu stark zu durchfeuchten. Darüber hinaus wird es häufig für die Herstellung von Polymerlösungen für Klebungen, Tränkungen oder Schutzüberzüge verwendet. Aceton ist akut gesundheitsgefährdend und sollte stets mit den nötigen Sicherheitsvorkehrungen verwendet werden.",http://www.w3id.org/archlink/terms/conservationthesaurus/C421BF
http://www.w3id.org/archlink/terms/conservationthesaurus/BBA28A,Ethanol,"farblose, leicht entzündliche Flüssigkeit die in der Konservierung und Restaurierung als universelles Lösungsmittel für die Entfernung von Fetten, Proteinen und Polymeren  sowie zur Herstellung von lösemittelbasierten Polymerlösungen verwendet wird. Ethanol zeigt eine relativ schnelle Verdunstung (jedoch langsamer als Aceton), eine gutes Peetrationsvermögen und die Fähigkeit als amphiphiles Lösungsmittel sowohl polare als auch unpolare Substanzen zu lösen. Aufgrund der aktuen Gesundheitsgefahren sind bei der Verwendung die gängigen Sicherheitsvorkehrungen einzuhalten.",http://www.w3id.org/archlink/terms/conservationthesaurus/C421BF
http://www.w3id.org/archlink/terms/conservationthesaurus/B77A8F,Ethylacetat,"flüchtiges, farbloses Lösungsmittel aus der Gruppe der Carbonsäureester, welches in der Lage ist verschiedene organische Stoffe, wie Polymere, zu lösen bzw. Lösungen einzugehen. Es verdunstet relativ langsam, hinterlässt kaum Rückstände und ist im Verhältnis zu anderen Lösungsmitteln weniger toxisch, wobei dennoch akute Gesundheitsgefahren von diesem Stoff ausgehen! In der Konservierung und Restaurierung wird Ethylacetat häufig als Ersatz für das hochgiftige Toluol verwendet, da es sich ähnlich langsam verflüchtigt und somit bei der Festigung instabiler Materialien zu einer ähnlich guten Eindringtiefe gelöster Polymere führt.",http://www.w3id.org/archlink/terms/conservationthesaurus/C421BF
http://www.w3id.org/archlink/terms/conservationthesaurus/D627B2,Toloul,"aromatischer Kohlenwasserstoff und organisches, unpolares Lösungsmittel mit der chemischen Summenformel C7H8, das in der Konservierung und Restaurierung zur Entfernung von Wachsen, Ölen, Harzen und Polymeren von/aus Objekten sowie zur Herstellung von Polymerlösungen verwendet wird. Toluol ist höchst gesundheitsgefährdent, sodass seine Verwendung auf ein Minium beschränkt und nach Möglichkeiten auf weniger gefährliche Alternativen zurückgegriffen werden sollte. Toluol ist eng verwandt mit Xylol, zeigt jedoch eine höhere Flüchtigkeit und eine geringfügig bessere Lösungskraft aufgrund der etwas höheren Polarität",http://www.w3id.org/archlink/terms/conservationthesaurus/C421BF
http://www.w3id.org/archlink/terms/conservationthesaurus/GGD87G,Coloradol,"Produktname eines Lösungsmittelgemisches der Firma Ehserchemie GmbH bestehen aus Dichlormethan und Methanol. Aufgrund des starken organischen Lösungsmittels Dichlormethan, dessen Effektivität von Methanol noch unterstützt wird, ist Coloradol in der Lage ausgehärtete Epoxidharze aufzulösen bzw. soweit zu schwächen, dass sie entfernt werden können. Entsprechend wird Coloradol für die Lösung bzw. Entfernung von Epoxidsharz-Klebungen verwendet. Allerdings gehen höchste Gesundheitsgefahren von den Bestandteilen des Coloradols aus, sodass dessen Verwendung auf ein Minimum begrenzt werden sollte.",http://www.w3id.org/archlink/terms/conservationthesaurus/C421BF
http://www.w3id.org/archlink/terms/conservationthesaurus/AFC696,2-Butanon,"organische Verbindung mit der chemischen Formel C4H8O aus der Gruppe der Ketone. Es ist eine farblose, flüchtige Flüssigkeit mit charakteristischem Geruch, die sich durch eine moderate Polarität und hohe Lösekraft sowie eine Verdunstungsgeschwindigkeit zwischen Aceton und Ethanol auszeichnet, wodurch es in der Konservierung und Restaurierung zur Entfernung von Beschichtungen, Klebstoffen und zur Herstellung von Polymerlösungen verwendet wird.",http://www.w3id.org/archlink/terms/conservationthesaurus/C421BF
http://www.w3id.org/archlink/terms/conservationthesaurus/G46243,Propylacetat,"farbloses, flüchtiges Lösungsmittel aus der Gruppe der Ester mit einem fruchtigen Geruch und der chemischen Formel C5H10O2. Es wird in der Konservierung und Restaurierung als Lösungsmittel für verschiedene organische Verbindungen eingesetzt, z.B. zur Herstellung von Kleb- oder Festigungsmitteln. Von dem Stoff gehen akute und chronische Gesundheitsgefahren aus, sodass bei dessen Verwendung die üblichen Sicherheitsvorkehrungen einzuhalten sind.",http://www.w3id.org/archlink/terms/conservationthesaurus/C421BF
http://www.w3id.org/archlink/terms/conservationthesaurus/D347D6,Terpentinöl,"farbloses, ätherisches Öl, das durch Destillation von Baumharzen, insbesondere von Nadelbäumen, gewonnen wird. Es zeichnet sich durch seine gute Lösekraft für natürliche Harzen und Wachse aus und wird in der Konservierung und Restaurierung häufig als Lösungsmittel für Reinigungsarbeiten, die Entfernung von alten Firnissen oder das Anmischen traditioneller Mal- und Schutzmittel verwendet. Es gehen aktue und chronische Gesundheitsgefahren von Terpentinöl aus, wodurch es mit gewisser Vorsicht eingesetzt werden sollte.",http://www.w3id.org/archlink/terms/conservationthesaurus/C421BF
http://www.w3id.org/archlink/terms/conservationthesaurus/BDG3D5,Xylol,"aromatischer Kohlenwasserstoff und organisches Lösemittel mit der chemischen Summenformel C8H10, das in der Konservierung und Restaurierung zur Lösung unpolarer Substanzen wie Harze, Wachse oder Polymere verwendet wird. Xylol ist eng verwandt mit Toluol, zeigt jedoch eine geringere Flüchtigkeit und eine schwächerer Polarität. Ebenso wie Toluol ist Xylol gesundheitsgefährdend und die Verwendung sollte nach Möglichkeiten vermieden werden.",http://www.w3id.org/archlink/terms/conservationthesaurus/C421BF
http://www.w3id.org/archlink/terms/conservationthesaurus/F87124,Komplexbildner,"chemischer Stoff, der stabile Verbindungen (Komplexe) mit Metallionen eingeht, wodurch sich deren Reaktivität und Löslichkeit verändert. In der Restaurierung werden solche Stoffe vor allem verwendet, um unerwünschte Metallionen oder Ablagerungen in/auf Objekten zu entfernen. Dabei kann es jedoch auch zu einer unkontrollierten, fortschreitenden Reaktion mit dem ursprünglichen Material kommen, weshalb Komplexbilder mit Bedacht eingesetzt werden müssen.",http://www.w3id.org/archlink/terms/conservationthesaurus/C364G1
http://www.w3id.org/archlink/terms/conservationthesaurus/D9F9D8,Ethylendiamintetraessigsäure,"organischer Komplexbildner, der aufgrund seiner chemischen Struktur in der Lage ist, selektiv Metallionen aus Verbindungen zu extrahieren und in stabile, wasserlösliche Komplexe zu überführen. In der Konservierung und Restaurierung ist ETDA ein häufig eingesetztes Mittel zur Entfernung ungewollter Metallablagerungen bzw. Korrosionsprodukte, da es durch seine selektive Wirkung verhältnismäßig schonend zur originalen Objektoberfläche ist.",http://www.w3id.org/archlink/terms/conservationthesaurus/F87124
http://www.w3id.org/archlink/terms/conservationthesaurus/CC2F8A,Titriplex III,Handelsname der Firma Merck für das Dinatriumsalz von EDTA (Na2EDTA).,http://www.w3id.org/archlink/terms/conservationthesaurus/D9F9D8
http://www.w3id.org/archlink/terms/conservationthesaurus/F49B77,Thioharnstoff,,http://www.w3id.org/archlink/terms/conservationthesaurus/F87124
http://www.w3id.org/archlink/terms/conservationthesaurus/ACFF37,Korrosionsinhibitor,"chemische Substanz, die bereits in geringer Konzentrationen in der Lage ist die Korrosionsgeschwindigkeit von Metallen in aggressiven Umgebungen zu verringern. Sie wirken, indem sie schützende Filme auf der Metalloberfläche bilden und somit die chemische Reaktionen hemmen. In der Konservierung und Restaurierung finden sie Anwendung, um metallische Artefakte vor weiterer Schädigung zu bewahren und ihre langfristige Stabilität zu gewährleisten.",http://www.w3id.org/archlink/terms/conservationthesaurus/C364G1
http://www.w3id.org/archlink/terms/conservationthesaurus/B6B615,Benzotriazol,,http://www.w3id.org/archlink/terms/conservationthesaurus/ACFF37
http://www.w3id.org/archlink/terms/conservationthesaurus/BADDA1,Tannin,,http://www.w3id.org/archlink/terms/conservationthesaurus/ACFF37
http://www.w3id.org/archlink/terms/conservationthesaurus/A75619,Natriumnitrit,,http://www.w3id.org/archlink/terms/conservationthesaurus/ACFF37
http://www.w3id.org/archlink/terms/conservationthesaurus/F845F7,Diethanolamin,,http://www.w3id.org/archlink/terms/conservationthesaurus/ACFF37
http://www.w3id.org/archlink/terms/conservationthesaurus/B3FCA1,Reduktionsmittel,"chemische Substanz, die in der Lage ist bei einer chemischen Reaktion andere Substanzen zu reduzieren. Das Reduktionsmittel fungiert dabei als Eletronendonator (gibt Elektronen ab) und wird somit selbst oxidiert (Redoxreaktion). In der Restaurierung werden Reduktionsmittel eingesetzt, um die ungewollte Oxidation von Metallen zu reduzieren, Korrosionsprodukte zu entfernen und die ursprüngliche Erscheinung von Objekten wiederherzustellen.",http://www.w3id.org/archlink/terms/conservationthesaurus/C364G1
http://www.w3id.org/archlink/terms/conservationthesaurus/D4A6D1,Natriumborhydrid,,http://www.w3id.org/archlink/terms/conservationthesaurus/B3FCA1
http://www.w3id.org/archlink/terms/conservationthesaurus/FCA8C9,Natriumthiosulfat,,http://www.w3id.org/archlink/terms/conservationthesaurus/B3FCA1
http://www.w3id.org/archlink/terms/conservationthesaurus/CB3941,Natriumdithionit,,http://www.w3id.org/archlink/terms/conservationthesaurus/B3FCA1
http://www.w3id.org/archlink/terms/conservationthesaurus/B614CD,Natriumsulfit,,http://www.w3id.org/archlink/terms/conservationthesaurus/B3FCA1
http://www.w3id.org/archlink/terms/conservationthesaurus/A7C8CB,Plasma,"ionisiertes, energiereiches Gas, welches entweder durch hohe Temperaturen von mehreren 1000°C oder durch den Durchfluss elektrischen Stroms entsteht. Im Vergleich zu ""normalem"" Gas, das nicht ionisiert ist, unterscheides sich Plasma durch die Fähigkeit elektrischen Strom zu leiten. Dadurch ist es in der Lage magnetische Felder und elektromagnetische Wellen zu absorbieren, reflektieren und zu emmittieren und wird gleichzeitig selbst von diesen beeinflusst. In der Restaurierung kann Plasma zur Reduktion von Korrosionsprodukten in deren ursprünglichen metallischen Zustand verwendet werden.",http://www.w3id.org/archlink/terms/conservationthesaurus/B3FCA1
http://www.w3id.org/archlink/terms/conservationthesaurus/BB7D84,Stickstoffplasma,,http://www.w3id.org/archlink/terms/conservationthesaurus/A7C8CB
http://www.w3id.org/archlink/terms/conservationthesaurus/C4F616,Argonplasma,,http://www.w3id.org/archlink/terms/conservationthesaurus/A7C8CB
http://www.w3id.org/archlink/terms/conservationthesaurus/CD75GD,Methanplasma,,http://www.w3id.org/archlink/terms/conservationthesaurus/A7C8CB
http://www.w3id.org/archlink/terms/conservationthesaurus/CC687C,Sauerstoffplasma,,http://www.w3id.org/archlink/terms/conservationthesaurus/A7C8CB
http://www.w3id.org/archlink/terms/conservationthesaurus/A2B746,Base,"chemische Substanz, die in wässriger Lösung ein Proton aufnehmen oder ein freies Elektronenpaar abspalten kann. In der Restaurierung wird sie zur Reinigung, Stabilisierung und Konservierung von Objekten verwendet.",http://www.w3id.org/archlink/terms/conservationthesaurus/C364G1
http://www.w3id.org/archlink/terms/conservationthesaurus/AA8A54,Thiosulfat,,http://www.w3id.org/archlink/terms/conservationthesaurus/A2B746
http://www.w3id.org/archlink/terms/conservationthesaurus/A5D92A,Ammoniak,"leicht flüchtige, alkalische Verbindung, die in der Konservierung/Restaurierung für die Entfernung von Verfärbungen durch Kupfer oder für die Entfernung von Shellack verwendet wird. Die stark basische Substanz löst besonders Fette, Öle und oxidierte Schutzlacke. Aufgrund der ätzenden Wirkung und gesundheitsgefährdenden Dämpfen ist bei der Anwendung besondere Vorsicht geboten.",http://www.w3id.org/archlink/terms/conservationthesaurus/A2B746
http://www.w3id.org/archlink/terms/conservationthesaurus/GG3G4B,Natriumhydroxid,"stark alkalische, hygroskopische Verbindung, die in der Kondervierung/Restaurierung hauptsächlich zur Reinigung und Entfettung von Oberflächen sowie für die Entsalzung archäologischer Eisenobjekte  verwendet wird. Die stark basische Substanz löst organische Materialien wie Fette und Proteine und ist in der Lage Chloridionen aus Metallen zu extrahieren und in Lösung zu bringen. Die ätzende Wirkung erfordert strenge Sicherheitsmaßnahmen bei der Anwednung.",http://www.w3id.org/archlink/terms/conservationthesaurus/A2B746
http://www.w3id.org/archlink/terms/conservationthesaurus/CB2D46,Natriumcarbonat,"alkalische Verbindung, die in der Konservierung/Restaurierung zur schonenden Reinigung, Entfettung sowie zur Neutralisierung von Säuren eingesetzt wird.",http://www.w3id.org/archlink/terms/conservationthesaurus/A2B746
http://www.w3id.org/archlink/terms/conservationthesaurus/FGF575,Säure,"chemische Substanz, die in wässriger Lösung Protonen aus ihrer Wasserstoffverbindung abspalten oder ein freies Elektronenpaar aufnehmen kann. In der Restaurierung werden Säuren zur Reinigung, Entfernung von Korrosionsprodukten und Verkrustungen, sowie zur Stabilisierung und Konservierung verwendet.",http://www.w3id.org/archlink/terms/conservationthesaurus/C364G1
http://www.w3id.org/archlink/terms/conservationthesaurus/F54686,Ascorbinsäure,,http://www.w3id.org/archlink/terms/conservationthesaurus/FGF575
http://www.w3id.org/archlink/terms/conservationthesaurus/D3A484,Oxalsäure,"organische Dicarbonsäure, die in der Konservierung/Restaurierung hauptsächlich für die Entfernung von Kalkablagerungen und als Reduktionsmittel für die Entfernung von Eisenverbindungen verwendet wird. Aufgrund der ätzenden Wirkung und gesundheitsgefährdenden Dämpfen ist bei der Anwendung besondere Vorsicht geboten.",http://www.w3id.org/archlink/terms/conservationthesaurus/FGF575
http://www.w3id.org/archlink/terms/conservationthesaurus/G7BADF,Thioglykolsäure,,http://www.w3id.org/archlink/terms/conservationthesaurus/FGF575
http://www.w3id.org/archlink/terms/conservationthesaurus/B7395G,Schwefelsäure,"starke, farblose bis schwach gelbliche, viskose Flüssigkeit mit hoher Dichte und stark hygroskopischen Eigenschaften. Chemisch wirkt sie als starkes Oxidations- und Dehydrationsmittel und ist mit Wasser in allen Verhältnissen mischbar, wobei Wärme frei wird.",http://www.w3id.org/archlink/terms/conservationthesaurus/FGF575
http://www.w3id.org/archlink/terms/conservationthesaurus/GA33BC,Salzsäure,"anorganische Mineralsäure mit Summenformel HCl, die in der Konservierung und Restaurierung vor allem für die Entfernung von Kalkablagerungen und anderen mineralischen Verunreinigungen verwendet wird. Aufgrund der stark ätzenden Wirkung und gesundheitsgefährdenden Dämpfen ist bei der Anwendung besondere Vorsicht geboten.",http://www.w3id.org/archlink/terms/conservationthesaurus/FGF575
http://www.w3id.org/archlink/terms/conservationthesaurus/AA69FB,Ameisensäure,,http://www.w3id.org/archlink/terms/conservationthesaurus/FGF575
http://www.w3id.org/archlink/terms/conservationthesaurus/GBC8AC,Zitronensäure,"organische Tricarbonsäure mit der chemischen Summenformel C6H8O7, die in der Konservierung und Restaurierung als mildes Reinigungsmittel für die Entfernung von Kalkablagerungen, Oxidationsschichten und anderen minderalischen Verunreinigungen auf originalen Oberflächen verwendet wird. Darüber hinaus kann Zitrönensäure auch als Komplexbilder eingesetzte werden, um Metallionen zu binden.",http://www.w3id.org/archlink/terms/conservationthesaurus/FGF575
http://www.w3id.org/archlink/terms/conservationthesaurus/B7B8B6,[Adhäsivstoff],"strukturierender Sammelbegriff für Materialien, die die Fähigkeit haben, andere Materialien durch Adhäsion (Haftung) zu verbinden. Adhäsivstoffe werden in der Restaurierung sowohl für Klebungen, Festigungen, Ergänzungen als auch als schützender Überzug sowie für die Herstellung wissenschaftlicher Nachbildungen verwendet.",http://www.w3id.org/archlink/terms/conservationthesaurus/C364G1
http://www.w3id.org/archlink/terms/conservationthesaurus/A1D125,synthetisches Polymer,"Durch Polymerisation von einem oder mehreren kleineren Einheiten, sog. Monomeren, künstlich hergestellter großer, langkettiger Molekülverbund.",http://www.w3id.org/archlink/terms/conservationthesaurus/B7B8B6
http://www.w3id.org/archlink/terms/conservationthesaurus/CD13GA,Cyclododecan,"organischer, cyclischer Kohlenwasserstoff, der aufgrund seiner spezifischen Eigenschaften in der Konservierung und Restaurierung als temporäres Festigungsmittel bzw. Schutzüberzug verwendet wird. Cyclododecan bildet bei Raumtemperatur zunächst einen wachsartigen, weißlichen Feststoff der mit der Zeit von festen direkt in den gasförmigen Zustand wechselt. Auf diese Weise können empfindliche Teilbereiche eines Objektes zeitweise mit Cyclododecan abgedeckt werden, um vor der Bearbeitung des restlichen Objektes geschützt zu werden (mechanische Beanspruchung, Lösemittelbehandlung, etc.), ohne im Anschluss wieder aufwendigen Entfernungsmethoden unterzogen zu werden.",http://www.w3id.org/archlink/terms/conservationthesaurus/A1D125
http://www.w3id.org/archlink/terms/conservationthesaurus/AF31AG,Epoxidharz,"synthetisch hergestelltes duroplastisches Harzsystem, dass aus zwei Komponenten besteht. Die eine Komponente trägt dabei eine Epoxidgruppe und die Andere fungiert als Härter, indem sie mit der Epoxidgruppe eine vernetzende Reaktion eingeht. Durch die Variation einer oder beider Komponenten lässt sich eine große Bandbreite unterschiedlicher Polymere herstellen, wobei die Zugabe von Beschleunigern, Verdünnungsmitteln, Weichmachern und weiteren Additiven die Komplexität der Grundrezeptur zusätzlich erhöht. Die meisten in der Konservierung und Restaurierung verwendeten Epoxidharze bestehen aus Diglycidylether des Bisphenol A, da diese eine starke Klebekraft, ein gutes Penetrationsvermögen und weitere für die Anwendungen in der Konservierung/Restaurierung nützliche Eigenschaften aufweisen. Aufgrund der quervernetzten Struktur nach der Aushärtung sind epoxidharze jedoch nur noch schwer chemisch lösbar und somit nicht/kaum reversibel.",http://www.w3id.org/archlink/terms/conservationthesaurus/A1D125
http://www.w3id.org/archlink/terms/conservationthesaurus/D2D671,Araldite 2020,"Produktname eines niedrigviskosen, bei Raumtemperatur aushärtenden Zweikomponenten-Systems auf Epoxidharzbasis der Firma Huntsman Corporation. Araldit 20/20 wird aus zwei Komponenten (Harz A und Härter B) angemischt und wurde speziell für das Kleben, Vergießen und Beschichten von Glas und ähnlichen Materialien entwickelt. Es zeichnet sich durch eine gute Haftung, Beständigkeit und hohe Transparenz aus. Araldite 20/20 zeigt eine ähnliche Lichtbrechung wie Glas, wodurch es bei der Verwendung als Glasklebstoff die geklebten Bruchkanten weniger bis kaum sichtbar erscheinen lässt.",http://www.w3id.org/archlink/terms/conservationthesaurus/AF31AG
http://www.w3id.org/archlink/terms/conservationthesaurus/A57386,Araldit BY 158,"Produktname eines niedrigviskosen Epoxidharzes der Firma Huntsman Corporation, basierend auf Bisphenol-A und einem reaktiven Verdünnungsmittel. In Kombination mit aliphatischen und/oder cycloaliphatischen Aminen wird Araldite BY 158 vor allem in industriellen Injektionssystemen verwendet, um stabile und widerstandsfähige Verbindungen zu schaffen.",http://www.w3id.org/archlink/terms/conservationthesaurus/AF31AG
http://www.w3id.org/archlink/terms/conservationthesaurus/DAA17A,RenPaste™ SV/HV 427,"Produktname einer zweikomponentigen, kalt aushärtende Epoxidharzpaste der Firma Huntsman Corporation, die sich durch gute Haftung, geringe Dichte und gute Bearbeitbarkeit mit Werkzeugen auszeichnet. Sie wird in der Konservierung und Restaurierung für Reparaturen an Modellen, Formen oder Oberflächen eingesetzt und ermöglicht präzise Formgebung bei minimaler Schrumpfung. Die Paste ist einfach zu verarbeiten, härtet bei Raumtemperatur aus und bietet eine stabile, langlebige Struktur.",http://www.w3id.org/archlink/terms/conservationthesaurus/AF31AG
http://www.w3id.org/archlink/terms/conservationthesaurus/D5F7BC,Araldit AY 103,"Produktname eines niedrigviskosen Epoxidharz-Zweikomponentensystems der Firma Huntsman Corporation, das eine hohe Haftung auf Metall, Keramik, Glas und Kunststoffen bietet. Es ist lösungsmittelfrei, leicht aufzutragen und härtet bei Raumtemperatur aus. Die Mischung weist eine hohe Zugscherfestigkeit und eine gute Wärmebeständigkeit bis ca. 50°C auf",http://www.w3id.org/archlink/terms/conservationthesaurus/AF31AG
http://www.w3id.org/archlink/terms/conservationthesaurus/D8B3D6,Araldit XB 260,,http://www.w3id.org/archlink/terms/conservationthesaurus/AF31AG
http://www.w3id.org/archlink/terms/conservationthesaurus/C3G438,UHU Plus Schnellfest,,http://www.w3id.org/archlink/terms/conservationthesaurus/AF31AG
http://www.w3id.org/archlink/terms/conservationthesaurus/G12F98,UHU Plus Endfest 300,,http://www.w3id.org/archlink/terms/conservationthesaurus/AF31AG
http://www.w3id.org/archlink/terms/conservationthesaurus/D38147,Hxtal NYL-1,"Produktname eines Epoxidklebstoffes der in den 80er Jahren von Herber Hillary, in Zusammenarbeit mit den Laboratorien von Texaco und Shell, speziell für die Konservierung und Restaurierung entwickelt wurde. Es wird, anders als die meisten anderen Epoxidharze, durch die Reaktion eines cycloaliphatischen Epoxidharzes mit einer Mischung von Aminen als Härter synthetisiert. Hxtal NYL-01 wurde insbesondere für die Klebung und Ergänzung von Gläsern und Keramiken hergestellt und zeigt einen ähnlichen Brechungsindex wie die meisten Gläser.",http://www.w3id.org/archlink/terms/conservationthesaurus/AF31AG
http://www.w3id.org/archlink/terms/conservationthesaurus/BB9249,EPO-TEK 301,"Produktname eines zweikomponentigen, bei Raumtemperatur aushärtenden Epoxidharzes der Firma Epoxy Technology. Es zeichnet sich durch eine sehr niedrige Viskosität sowie gute optische und mechanische Eigenschaften aus.",http://www.w3id.org/archlink/terms/conservationthesaurus/AF31AG
http://www.w3id.org/archlink/terms/conservationthesaurus/F5G8DB,Ebalta AH 100,"Produktname eines ungefüllten, dünnflüssigen Epoxidharzes der Firma Ebalta, basierend auf dem Reaktionsprodukt Bisphenol-A-Epichlorhydrin. AH steht für Allzweckharz und ist somit für Laminier-, Gieß- oder Klebe-Anwendungen geeignet.",http://www.w3id.org/archlink/terms/conservationthesaurus/AF31AG
http://www.w3id.org/archlink/terms/conservationthesaurus/A99485,Biresin LS/LM,,http://www.w3id.org/archlink/terms/conservationthesaurus/AF31AG
http://www.w3id.org/archlink/terms/conservationthesaurus/GFD582,Acrylharz,"synthetisches, thermoplastisches Polymere auf Basis von Acrylsäureestern oder Methacrylsäureestern, das durch die Polymerisation von Acrylat- oder Methylacrylat-Monomeren hergestellt wird. Grundsätzlich weist Acrylharz eine hohe Transperenz, gute Altersbeständigkeit und Reversibilität auf, die jedoch je nach genauer chemischer Zusammensetzung des verwendeten Produktes variieren kann. Aufgrund der guten Eigenschaften ist Acrylharz in der Konservierung und Restaurierung einer der am häufigsten als Klebstoff, Bindemittel, Festigungsmittel und für Schutzüberzug verwendeten Stoffe.",http://www.w3id.org/archlink/terms/conservationthesaurus/A1D125
http://www.w3id.org/archlink/terms/conservationthesaurus/A14455,Paraloid B72,"Produktname für ein synthestisches Acrylharz der Firma Rohm und Haas (heute Teil von Dow Chemicals), bestehend aus Ethylmethacrylat und Methylacrylat sowie einem kleinen Anteil Butylmethacrylat. Aufgrund seiner hervorragenden Eigenschaften hinsichtlich Alterungsbeständigkeit, Transparenz und Reversibilität ist Paraloid B72 eines der am häufigsten eingesetzten Materialien in der Konservierung und Restaurierung. In verschiedenen organischen Lösungsmitteln gelöst wird es als Klebstoff, Bindemittel, Festigungsmittel und für Schutzüberzug für unterschiedliche Materialien verwendet.",http://www.w3id.org/archlink/terms/conservationthesaurus/GFD582
http://www.w3id.org/archlink/terms/conservationthesaurus/AFF6GA,Paraloid B44,"Produktname eines synthetischen Acrylharzes der Firma Rohm und Haas (heute Teil von Dow Chemicals) auf Basis von Methylmethacrylat und Ethylacrylat sowie einem geringem Anteil Butylmethacrylat. Ähnlich wie Paraloid B72 zeigt es gute Alterungsbeständigkeit, Transparenz und Reversibilität, ist in verschiedenen organischen Lösungsmitteln löslich und wird als Klebstoff, Bindemittel, Festigungsmittel und für Schutzüberzüge verwendet. Im Gegensatz zu Paraloid B72 besitzt es eine höhere Glasübergangstemperatur (ca. 60°C), wodurch Paraloid B44 besonders für die Verwendung in wärmeren Umgebungen geeignet ist.",http://www.w3id.org/archlink/terms/conservationthesaurus/GFD582
http://www.w3id.org/archlink/terms/conservationthesaurus/B8ABD9,Paraloid B48N,"Produktname eines synthetischen Acrylharzes der Firma Rohm und Haas (heute Teil von Dow Chemicals), welches von Seiten des Herstellers als Methyl-Methacrylat-Copolymer angegeben wird. Paraloid B48N zeigt ein gutes Löslichkeitsverhalten in verschiedenen, organischen Lösungsmittel wie Toluol, MEK, einigen Estern und Acetaten, ist jedoch unlöslich in den meisten Alkoholen. Seine Glasübergangstemperatur liegt bei ca.  50°C. Im Vergleich zu Paraloid B72 zeigt es eine höhere Härte, geringere Flexibilität sowie eine geringere Alterungsbeständigkeit.",http://www.w3id.org/archlink/terms/conservationthesaurus/GFD582
http://www.w3id.org/archlink/terms/conservationthesaurus/B15G98,Kallocryl,"Produktname eines synthetischen Acrylharzes der Firma SPEIKO - Spezialitäten GmbH, auf Basis von Polymethylmethacrylat (PMMA).  Es zeigt ähnliche Eigenschaften wie Paraloid B72, ist jedoch etwas härter und besitzt eine höhere Glasübergangstemperatur (ca. 50-60°C). Kallocryl wurde ursprünglich für den Dentalbereich, für die Erstellung von Prothesen entiwckelt und ist daher für Anwendungen im Bereich der Konservierung/Restaurierung noch nicht soweit erforscht wie andere PMMA basierte Polymere.",http://www.w3id.org/archlink/terms/conservationthesaurus/GFD582
http://www.w3id.org/archlink/terms/conservationthesaurus/G23A9A,Technovit 5071,,http://www.w3id.org/archlink/terms/conservationthesaurus/GFD582
http://www.w3id.org/archlink/terms/conservationthesaurus/A64281,Technovit 2000 LC,Produktname eines lichthärtendes Methacrylharzes der Firma Heraeus Kulzer GmbH und Co. KG,http://www.w3id.org/archlink/terms/conservationthesaurus/GFD582
http://www.w3id.org/archlink/terms/conservationthesaurus/C77887,Acrystal,"Produktname einer lösungsmittelfreien Gieß- und Laminiermasse auf Basis von wässrigen Acrylharzen und natürlichen Mineralkristallen (Calciumsulfat - Gips) der Firma Acrystal. Das System ist für Ausformungen oder den Stützkapselbau beim Abformen eine geeignete Alternative zu Reaktionsharzen (Epoxid-, Polyester-,Polyurethan, etc.)",http://www.w3id.org/archlink/terms/conservationthesaurus/GFD582
http://www.w3id.org/archlink/terms/conservationthesaurus/B69C57,Acrylic One,"Produktname einer lösungsmittelfreien Gieß- und Laminiermasse auf Basis von wässrigen Acrylharzen und natürlichen Mineralkristallen (Calciumsulfat - Gips) der Firma Acrylic One. Das System ist für Ausformungen oder den Stützkapselbau beim Abformen eine geeignete Alternative zu Reaktionsharzen (Epoxid-, Polyester-,Polyurethan, etc.)",http://www.w3id.org/archlink/terms/conservationthesaurus/GFD582
http://www.w3id.org/archlink/terms/conservationthesaurus/CG2863,Ebacryl,,http://www.w3id.org/archlink/terms/conservationthesaurus/GFD582
http://www.w3id.org/archlink/terms/conservationthesaurus/C4A859,Plastogen G,Methylmethacrylat,http://www.w3id.org/archlink/terms/conservationthesaurus/GFD582
http://www.w3id.org/archlink/terms/conservationthesaurus/C622FG,Plastogen EP,,http://www.w3id.org/archlink/terms/conservationthesaurus/GFD582
http://www.w3id.org/archlink/terms/conservationthesaurus/GBA321,Plexigum,,http://www.w3id.org/archlink/terms/conservationthesaurus/GFD582
http://www.w3id.org/archlink/terms/conservationthesaurus/A1C48C,Lascaux 498 HY,"Produktname einer wässrigen Acrylatdispersion auf Butyl-Methacrylat-Basis, die speziell für die Konservierung und Restaurierung entwickelt wurde. Das Material bildet einen zähelastischen, extrem zugfesten Film, der sich durch hohe Transparenz, Licht- und Alterungsbeständigkeit sowie Reversibilität auszeichnet. Die Dispersion ist wasserverdünnbar, bildet jedoch nach der Trocknung einen wasserfesten Film. Dieser bleibt permanent löslich in organischen Lösungsmitteln wie Aceton, Alkohol, Toluol und Xylol. Es eignet sich sowohl für Nass- als auch für Trockenapplikationen und wird häufig als Klebemittel für empfindliche Materialien wie Textilien, Papier und Kunstwerke eingesetzt.",http://www.w3id.org/archlink/terms/conservationthesaurus/GFD582
http://www.w3id.org/archlink/terms/conservationthesaurus/D5B73B,Plexisol B 597,,http://www.w3id.org/archlink/terms/conservationthesaurus/GFD582
http://www.w3id.org/archlink/terms/conservationthesaurus/D9F783,Cyanacrylat,"Schnellklebstoff auf Basis von Monomeren der Alkylcyanacrylate und weiteren Zusatzstoffen (Weichmacher, Stabilisatoren, etc.), der sich durch eine sehr schnelle Aushärtung  auszeichnet. Durch Kontakt mit Feuchtigkeit auf der Objektoberfläche oder der Luft wird eine anionische Polymerisation der Monomere initiiert, wodurch innerhalb von Sekunden eine Klebeverbindung entsteht. In der Konservierung und Restaurierung wird Cyanacrylat hauptsächlich für die temporäre und/oder punktuelle Heftung von Fragmenten oder Hilfsmitteln (Omegahäkchen, Silikonmanschetten, etc.) verwendet, da er sich aufgrund einiger Eigenschaften, wie Sprödigkeit, geringe Reversibilität und geringe Altersbeständigkeit, nicht für dauerhafte, stabile Klebungen eignet.",http://www.w3id.org/archlink/terms/conservationthesaurus/GFD582
http://www.w3id.org/archlink/terms/conservationthesaurus/F584FC,Loctite,,http://www.w3id.org/archlink/terms/conservationthesaurus/D9F783
http://www.w3id.org/archlink/terms/conservationthesaurus/B572B5,Polyvinylbutyral,"synthetisches, thermoplastisches Polymere aus der Gruppe der Vinylharze, welches durch Reaktion von Polyvinylalkohol mit Butyraldehyd hergestellt wird. In der Konservierung und Restaurierung wird es als Klebstoff, Bindemittel und Festigungsmittel eingesetzt. Polyvinylbutyral weist allgemein einige gute Eigenschaften für diese Verwendungen auf, wie hohe Transparenz, Reversibilität,  gute Haftung auf verschiedenen Materialien sowie gut Löslichkeit in einer Reihe von polaren Lösungsmittelns wie Ethanol oder Aceton, die jedoch je nach verwendetem Produkt variieren können.",http://www.w3id.org/archlink/terms/conservationthesaurus/A1D125
http://www.w3id.org/archlink/terms/conservationthesaurus/A974A4,Mowital B30H,"Produktname für ein PVB-Polymer der Firma Kuraray, wobei die Bezeichnung ""B30H"" hinter dem Markennamen ""Mowital"" eine Reihe von Eigenschaften dieses speziellen Produkttypens angibt. Für die Anwendung in der Restaurierung ist dabei vor allem die Zahl wichtig, da diese den Polymerisationsgrad angibt. Je höher die Zahl, desto höher ist der Polymerisationsgrad und desto höher ist die Viskosität des Polymers. Bei Mowital B30H handelt es sich demnach um ein Polymer mit mittlerer Viskosität.",http://www.w3id.org/archlink/terms/conservationthesaurus/B572B5
http://www.w3id.org/archlink/terms/conservationthesaurus/F97896,Mowital B60H,"Produktname für ein PVB-Polymer der Firma Kuraray, wobei die Bezeichnung ""B60H"" hinter dem Markennamen ""Mowital"" eine Reihe von Eigenschaften dieses speziellen Produkttypens angibt. Für die Anwendung in der Restaurierung ist dabei vor allem die Zahl wichtig, da diese den Polymerisationsgrad angibt. Je höher die Zahl, desto höher ist der Polymerisationsgrad und desto höher ist die Viskosität des Polymers. Bei Mowital B60H handelt es sich demnach um ein Polymer mit höherer Viskosität.",http://www.w3id.org/archlink/terms/conservationthesaurus/B572B5
http://www.w3id.org/archlink/terms/conservationthesaurus/DF5773,Polyvinylacetat,"Durch radikalische Polymerisation von Vinylacetat-Monomeren hergestelltes thermoplastisches Polymer, das in fester oder flüssiger Form (als wässrige Dispersion oder Emulsion) bezogen werden kann. Verschiedene PVAC-Produkte werden in der Restaurierung häuptsächlich für Klebungen, Festigungen und als Schutzüberzug verwendet. Die Glasübergangstemperatur von PVAC liegt in etwa bei Raumtemperatur, was zu einem weichen und klebrigen Zustand führt und unerwünschte Adhäsion von Staub und Schmutz sowie das Verformen bzw. Versagen von Klebunge verursacht.",http://www.w3id.org/archlink/terms/conservationthesaurus/A1D125
http://www.w3id.org/archlink/terms/conservationthesaurus/A447D9,Mowilith 50,,http://www.w3id.org/archlink/terms/conservationthesaurus/DF5773
http://www.w3id.org/archlink/terms/conservationthesaurus/F16511,Mowilith D025,,http://www.w3id.org/archlink/terms/conservationthesaurus/DF5773
http://www.w3id.org/archlink/terms/conservationthesaurus/AF8F61,Mowilith DV,,http://www.w3id.org/archlink/terms/conservationthesaurus/DF5773
http://www.w3id.org/archlink/terms/conservationthesaurus/A42BD6,Ponal Classic,"Produktname einer wässrigen Polyvinylacetat-Dispersion, hergestellt von der Firma Henkel.",http://www.w3id.org/archlink/terms/conservationthesaurus/DF5773
http://www.w3id.org/archlink/terms/conservationthesaurus/C838C1,Polyvinylalkohol,"thermoplastisches Polymer, welches durch Hydrolyse von Polyvinylacetat synthetisiert wird. Es ist beständig gegenüber Ölen, Fetten und organischen Lösungsmitteln, jedoch empfindlich gegenüber Feuchtigkeit. In der Restaurierung wird PVAL als reversibler Klebstoff für poröse Materialien, Bindemittel oder Beschichtungsmaterial eingesetzt.",http://www.w3id.org/archlink/terms/conservationthesaurus/A1D125
http://www.w3id.org/archlink/terms/conservationthesaurus/D41661,Cellulosederivat,Überbegriff für chemisch modifizierte Cellulosen.,http://www.w3id.org/archlink/terms/conservationthesaurus/A1D125
http://www.w3id.org/archlink/terms/conservationthesaurus/A44D5F,Celluloseether,"synthetisches Polymer, das durch chemische Veretherung von Cellulose hergestellt wird. Je nach geneuer chemischer Zusammensetzung des gewählten Produktes ergeben sich spezifische Eigenschaften wie Viskosität, Klebekraft und Löslichkeit.",http://www.w3id.org/archlink/terms/conservationthesaurus/D41661
http://www.w3id.org/archlink/terms/conservationthesaurus/DD4B75,Klucel® G,"Produktname eines wasserlöslichen, nichtionischen Celluloseethers auf Hydroxypropylcellulose (HPC)-Basis der Firma Ashland Inc. Es ist sowohl in Wasser unter 38 °C als auch in polaren organischen Lösungsmitteln wie Ethanol und Aceton löslich. Zu seinen herausragenden Eigenschaften zählen Thermoplastizität, Flexibilität ohne Zusatz von Weichmachern sowie die Reversibilität. In der Konservierung und Restaurierung wird Klucel G häufig als Bindemittel, Verdickungsmittel oder Klebstoff verwendet, insbesondere für wasserempfindliche Materialien wie Papier, Textilien oder Leder.",http://www.w3id.org/archlink/terms/conservationthesaurus/A44D5F
http://www.w3id.org/archlink/terms/conservationthesaurus/F84988,Methocel A4C,,http://www.w3id.org/archlink/terms/conservationthesaurus/A44D5F
http://www.w3id.org/archlink/terms/conservationthesaurus/A9A929,Celluloseester,"synthetisches Polymer, das duch die chemische Modifikation (Veresterung) von natürlicher Cellulose mit organischen Säuren oder Mineralsäuren hergestellt wird.",http://www.w3id.org/archlink/terms/conservationthesaurus/D41661
http://www.w3id.org/archlink/terms/conservationthesaurus/GC7998,Cellulosenitrat,"synthetisches Polymer, das durch die Veresterung von Cellulose mit Nitriersäure (Gemisch aus konzentrierter Salpeter- und konzentrierter Schwefelsäure) hergestellt wird. Vermischt mit Weichmachernund gelöst in Lösemitteln wird es seit dem späten 19. Jh. als eines der ersten synthetischen Harze im Bereich der Konservierung/Restaurierung verwendet. Cellulosenitrat zeichnet sich durch eine Reihe von Eigenschaften aus, die es als beliebtes Konservierungsmittel erscheinen lässte (z.B. schnelle Trocknung, einfache Handhabung, gute Haftung auf verschiedenen Materialien, hohe Glasübergangstemperatur, etc). Allerdings neigt es zum vergilben und zeigte bei durchgeführten Studien (Oddy-Test) korrosiove Wirkung auf Metalle.",http://www.w3id.org/archlink/terms/conservationthesaurus/A9A929
http://www.w3id.org/archlink/terms/conservationthesaurus/FD8AG2,Pantarol® Metallschutz Nr. 100,Produktname eines farblosen Harzes auf Cellulosenitrat-Epoxidharz-Basis der Firma Edelweiss Industrielacke Lutzenberger GmbH.,http://www.w3id.org/archlink/terms/conservationthesaurus/GC7998
http://www.w3id.org/archlink/terms/conservationthesaurus/C65F47,Mecosan L-TR,,http://www.w3id.org/archlink/terms/conservationthesaurus/GC7998
http://www.w3id.org/archlink/terms/conservationthesaurus/GC6999,Zaponlack,,http://www.w3id.org/archlink/terms/conservationthesaurus/GC7998
http://www.w3id.org/archlink/terms/conservationthesaurus/A5D2D1,Archäocoll 2000 N,"Produktname eines cellulosebasierten Spezialkleber, der speziell für die Restaurierung von Keramik entwickelt wurde. Er eignet sich besonders für spröde und poröse Materialien wie vorgeschichtliche Keramik und zeichnet sich durch schnelle Trocknung, sehr gute Benetzung und Reversibilität aus. Archäocoll 2000 N lässt sich leicht mit Aceton entfernen und ist dauerhaft reversibel, was eine spätere Demontage ohne Schaden ermöglicht. Aufgrund seiner mechanischen Eigenschaften, die an die der Keramik angepasst sind, und der geringen Vergilbung eignet er sich gut für die Klebung und Keramik, sollte jedoch aufgrund potenzieller Korrosionsrisiken für andere Materialien in Vitrinen mit Vorsicht verwendet werden.",http://www.w3id.org/archlink/terms/conservationthesaurus/GC7998
http://www.w3id.org/archlink/terms/conservationthesaurus/F89522,Polyethylenglycol,"synthetischer Polyether aus sich wiederholenden -CH2-CH2-O-Monomeren, der durch Polymerisation von Ethylenoxid hergestellt wird. PEG kann in verschiedenen Molekulargewichten bezogen werden, wodurch sich unterschiedliche spezifische Eigenschaften ergeben. Je länger die Molekülkette (je höher die Zahl hinter PEG), desto höher die Viskosität des PEGs. In der Konservierung und Restaurierung wird PEG hauptsächlich als Festigungsmittel für wassergelagerte organische Materialien (z.B. Holz oder Leder) verwendet. Das hygroskopische Polymer ersetzt dabei das Wasser in den Zellwänden, stabilisiert die Objektstruktur und verhindert beim Trocknungsprozess ein Schrumpfen und Reißen des Materials.",http://www.w3id.org/archlink/terms/conservationthesaurus/A1D125
http://www.w3id.org/archlink/terms/conservationthesaurus/DF633G,Melamin-Formaldehydharz,"Durch Polykondensation von Melamin und Formaldehyd hergestellter Kunststoff, der hauptsächlich für die Konservierung archäologischer Hölzer verwendet wird. Melaminharze ist durchsichtig, lichtecht und wasserfest, zusätzlich weist es eine hohe mechanische Festigkeit sowie eine gute chemische Beständigkeit gegen schwache Laugen und Lösemittel auf.",http://www.w3id.org/archlink/terms/conservationthesaurus/A1D125
http://www.w3id.org/archlink/terms/conservationthesaurus/BGACD3,Arigal C,"Produktname eines wasserverdünnbaren Melamin-Formaldehydkondensats der Firma Ciba. Es wurde in den 70er Jahren für die Konservierung von archäologischen Hölzern verwendet, dann allerdings vom Markt genommen und durch das Nachfolgerprodukt Lyfix DML ersetzt.",http://www.w3id.org/archlink/terms/conservationthesaurus/DF633G
http://www.w3id.org/archlink/terms/conservationthesaurus/D2F2D5,Lyfix DML,,http://www.w3id.org/archlink/terms/conservationthesaurus/DF633G
http://www.w3id.org/archlink/terms/conservationthesaurus/FF4767,Lyofix CHN,,http://www.w3id.org/archlink/terms/conservationthesaurus/DF633G
http://www.w3id.org/archlink/terms/conservationthesaurus/C4D6G3,Kauramin® Tränkharz 800,Produktname des wasserverdünnbaren Melamin-Formaldehydharzes der Firma BASF. Wurde vormals unter der Bezeichnung Kauramin CE 5549 im Jahr 1936 auf den Markt gebracht und nach erfolgreicher Bewährung in Kauramin Tränkharz 800 umbenannt. Im Jahr 2023 wurde das Produkt vom Markt genommen und durch das Nachfolgeprodukt Kauramin Tränkharz 801 ersetzt.,http://www.w3id.org/archlink/terms/conservationthesaurus/DF633G
http://www.w3id.org/archlink/terms/conservationthesaurus/BFB162,Kauramin CE 5549,Begriff aussortiert!,http://www.w3id.org/archlink/terms/conservationthesaurus/DF633G
http://www.w3id.org/archlink/terms/conservationthesaurus/B6CAB5,Kauramin® Tränkharz 801,,http://www.w3id.org/archlink/terms/conservationthesaurus/DF633G
http://www.w3id.org/archlink/terms/conservationthesaurus/F8A93F,Polyesterharz,"synthetisches Polymerharz bestehend aus einer Mischung von ungesättigten Polyester und einem Reaktivmonomer (häufig Styrol), die durch Zugabe eines Initiators bei Raumtemperatur polymerisieren. Charakteristisch ist eine gute mechanische Festigkeit, hohe Viskosität, hohe Klebefähigkeit, aber schwache Widerstandsfähigkeit gegen UV-Licht. In der Konservierung und Restaurierung findet Polyesterharz vorwiegend in der Strukturfestigung von porösem Steinmaterial, als Klebstoff, Füllmittel und für die Herstellung von wissenschaftlichen Kopien Verwendung. Zu den kristischen Aspekten in der restauratorischen Verwendung gehören die irreversible Aushärtung sowie die starke Schrumpfung (bis zu 8%) und Empfindlichkeit gegenüber Feuchtigkeit während der Polymerisation.",http://www.w3id.org/archlink/terms/conservationthesaurus/A1D125
http://www.w3id.org/archlink/terms/conservationthesaurus/DAC425,Akemi Marmorkitt 1000,"Produktname eines 2-Komponenten Polyesterharzes mit mineralischen Füllstoffen der Firma Akemi® . Das Produkt wurde ursprünglich für Verkittungen und Verklebungen in der steinverarbeitenden Industrie hergestellt, eignet sich aufgrund seiner Eigenschaften jedoch auch in der Konservierung und Restaurierung für die stabile und schnelle Füllung und Verklebung von kleineren Fehlstellen. Es besitzt eine flüssig bis cremige Konsistenz, eine Verarbeitungszeit von ca. 20 - 40 Minuten und lässt sich nach dem Aushärten gut mit verschiedenen Werkzeugen (Schleifen, Bohren, Fräsen) bearbeiten.",http://www.w3id.org/archlink/terms/conservationthesaurus/F8A93F
http://www.w3id.org/archlink/terms/conservationthesaurus/D39264,Palatal® P 4-01,"Palatal® P 4-01 der Firma AOC ist ein ungesättigtes Polyesterharz, gelöst in Stryol. Es wird durch die Zugabe eines Katalysator (Butanox) und Kobaltbeschleuniger vernetzt",http://www.w3id.org/archlink/terms/conservationthesaurus/F8A93F
http://www.w3id.org/archlink/terms/conservationthesaurus/A3G356,Polyurethan,"synthetisches Polymere, das durch eine Reaktion von Polyisocyanaten mit einem Polyol hergestellt wird. In der Konservierung und Restaurierung wird es als Festigungs- und Bindemittel sowie in Form von Schäumen als Stabilisierung von Blockbergungen verwendet. Die Eigenschaften wie Härte, Elastizität und Beständigkeit lassen sich durch die Wahl der Ausgangskomponenten gezielt steuern, wobei die genaue Formulierung von kommerziell erwärblichen Polyurethanen häufig unklar ist.",http://www.w3id.org/archlink/terms/conservationthesaurus/A1D125
http://www.w3id.org/archlink/terms/conservationthesaurus/AG2965,natürliches Polymer,"Oberbegriff für Polymere, die aus natürlichen Quellen stammen, leicht bis garnicht synthetisch modifiziert wurden und vielseitig einsetzbar sind. Diese Stoffe wurden vor allem in den Anfängen der Restaurierungsgeschichte, bevor synthetische Polymere in breiter Bandbreite zur Verfügung standen, häufig zum Kleben und Stabilisieren von Objekten eingesetzt. In der modernen Restaurierung spielen sie eher eine untergeordnete Rollen, finden jedoch nach wie vor vereinzelt Verwendung.",http://www.w3id.org/archlink/terms/conservationthesaurus/B7B8B6
http://www.w3id.org/archlink/terms/conservationthesaurus/C176FC,Schellack,"Ausscheidungssekret der Lackschildlaus, welcher in Alkohol gelöst zu einer streichbaren Konsistenz verarbeitet werden kann. Nach der Verflüchtigung des Alkohols trocknet Shellack zu einer dicken, dunkelbraunen Schicht die im Laufe der Zeit durch Alterungsprozesse (cross-linking) zu einer praktisch unlöslichen Masse polymerisiert.  Aus chemischer Sicht handelt es sich bei Shellack um ein Polyester aus den Hauptbestandteilen Aleursäure, Aldehyde und andere Carboxylsäuren.",http://www.w3id.org/archlink/terms/conservationthesaurus/AG2965
http://www.w3id.org/archlink/terms/conservationthesaurus/GD86C1,Proteinleim,"natürliches Produkt, bei denen die haftenden Eigenschaften der wiederkehrenden -NH-CO-Bindungen zur Verwendung als Klebstoff/Leim genutzt werden. Das Protein kann dabei aus verschiedenen Quellen und unter unterschiedliche Verfahren gewonnen werden.",http://www.w3id.org/archlink/terms/conservationthesaurus/C176FC
http://www.w3id.org/archlink/terms/conservationthesaurus/FA91B1,Glutinleim,"natürlicher Klebstoff, welcher durch die Verarbeitung von kollagenhaltigen Tierprodukten wie Haut, Knochen und Bindegewebe gewonnen wird. Je nach gewälter Kollagenquelle und Herstellungsart des Leims ergeben sich unterschiedliche Viskositäten, Festigkeiten und generelle mechanische Eigenschaften. Glutinleime werden in Form von erwärmten Lösungen oder Gelen aufgetragen und trocknen durch Verdunstung des Wassers zu einem mehr oder weniger festen Film, wobei eine nicht unerhebliche Schrumpfung eintritt. Sie sind in der Regel gut reversibel und können mit Hilfe von warmem Wasser entfernt werden.",http://www.w3id.org/archlink/terms/conservationthesaurus/GD86C1
http://www.w3id.org/archlink/terms/conservationthesaurus/F5BDAB,Kaseinleim,"proteinhaltiger Klebstoff, der aus dem natürlichen Milcheiweiß (Kasein) in Verbindung mit einer alkalischen Substanz wie Kalk, Ammoniak oder Borax hergestellt wird. Durch die Modifizierung entsteht ein wasserlöslicher Leim mit guter Klebekraft, der nach dem Aushärten einen wasserbeständigen Film bildet. Wie andere Proteinleime neigt auch Kaseinleim während der Aushärtung zur Schrumpfung. In der modernen Restaurierung wurde Kaseinleim größtenteils durch synthetische Polymere abgelöst.",http://www.w3id.org/archlink/terms/conservationthesaurus/GD86C1
http://www.w3id.org/archlink/terms/conservationthesaurus/BA71DA,Stärkeleim,"natürlicher Klebstoff, hergestellt durch die Gelatinierung von Stärke aus unterschiedlichen Pflanzen. Mit Wasser angerührte Stärke bildet einen milch weißen Leim mit guter Klebekraft, der je nach gewünschter Anwendung zu unterschiedlichen Konsistenzen verarbeitet werden kann. Stärkeleim war ein häufig verwendeter Klebstoff in der Restaurierungsgeschichte und wird heute teilweiße noch in der Papierverabeitung und Buchbinderei eingesetzt.",http://www.w3id.org/archlink/terms/conservationthesaurus/C176FC
http://www.w3id.org/archlink/terms/conservationthesaurus/C4AG61,Cellulose,"natürliches Polymer aus linearen Glycosemonomeren, dessen Fasern häufig zur Verstärkung von Klebstoffen zugesetzt werden.",http://www.w3id.org/archlink/terms/conservationthesaurus/C176FC
http://www.w3id.org/archlink/terms/conservationthesaurus/C143C4,Dextrinleim,"natürlicher Klebstoff, der durch die gezielte Modifizierung von Stärke, zum Teil unter geringfügiger Zugabe von weiteren Chemikalien, hergestellt wird. In der Konservierung und Restaurierung wurde es früher für die Klebung von Gläsern und Papier, als Klebstoff für Etiketten sowie als Bindemedium für Farben verwendet. Allerdings zeigt Dixtrinleim, wie viele andere natürliche Polymerleime, aufgrund der organischen Natur eine hohe Anfälligkeit für mikrobiellen Befall und eine starke Hygroskopizität, was zu Quellungen und mechanischer Spannung führen kann.",http://www.w3id.org/archlink/terms/conservationthesaurus/C176FC
http://www.w3id.org/archlink/terms/conservationthesaurus/G379BF,Gummi arabicum,"natürlicher Pflanzenleim, der aus dem Harz bestimmter Akazienbäume gewonnen wird. Er wird in Form gelber bis farbloser Tropfen oder Brocken verkauft und lässt sich in Wasser zu einem klaren, klebrigen Leim lösen.",http://www.w3id.org/archlink/terms/conservationthesaurus/C176FC
http://www.w3id.org/archlink/terms/conservationthesaurus/GC7994,Kanadabalsam,"klebriger und dickflüssiger Naturbalsam, der aus Harzausscheidungen kanadischer Nadelbäume, insbesondere der Tanne (Abies balsamea), gewonnen wird. Frisch ist er farblos bis leicht gelblich, wird jedoch mit der Zeit dunkler und härtet zu einem transparenten, hartlackähnlichen Material aus. Kanadabalsam ist gut löslich in organischen Lösungsmitteln wie Benzol, Xylol oder Terpentinöl und findet Anwendung in der Mikroskopie zum Einschließen von Präparaten. In der Konservierung und Restaurierung wurde es früher aufgrund seiner farblos, klaren Filmbildung zum Teil für die Klebung von Glas und Keramik verwendet.",http://www.w3id.org/archlink/terms/conservationthesaurus/C176FC
http://www.w3id.org/archlink/terms/conservationthesaurus/D769C3,Dammarharz,"helles, gelbliches, leicht splitterndes Naturharz, das aus Südostasien stammt und aus den Harzen verschiedener Bäume der Familie der Diptocarpaceae gewonnen wird. Es beginnt bei 90°C weich zu werden, schmilzt bei 180°C und zeichnet sich durch seine Transparenz und gute Löslichkeit in Terpentinöl, Chloroform und anderen organischen Lösungsmitteln aus. In der Konservierung und Restaurierung wird Dammarharz traditionell für die Herstellung von hellen, klaren Schlussfirnissen und als Zusatz in Malmitteln verwendet, da es leicht löslich, reversibel und für die Tempera- und Ölmalerei geeignet ist.",http://www.w3id.org/archlink/terms/conservationthesaurus/C176FC
http://www.w3id.org/archlink/terms/conservationthesaurus/B2F4F2,Mastix,"natürliches Polymer, das aus dem hauptsächlich auf den griechischen Inseln vorkommenden Mastixbaum gewonnen wird. In der Konservierung und Restaurierung wird Mastix, gelöst in Terpentinöl, insbesondere in der Gemälderestaurierung verwendet. Es dient als Bestandteil von Bindemitteln und Firnissen, da es eine glänzende, klare Schicht bildet, die jedoch im Laufe der Alterung vergilbt.",http://www.w3id.org/archlink/terms/conservationthesaurus/C176FC
http://www.w3id.org/archlink/terms/conservationthesaurus/FBFFF5,[Abform- und Ergänzungsmaterial],"strukturierender Oberbegriff für eine Reihe von Materialien, die sowohl für die Abformung von Objekten als auch für die Ergänzung von fehlenden Teilen verwendet werden.",http://www.w3id.org/archlink/terms/conservationthesaurus/C364G1
http://www.w3id.org/archlink/terms/conservationthesaurus/A44BG6,Silikonkautschuk,"synthetischer Werkstoff auf Basis langkettiger Polysiloxane und diverser Füllstoffe (z.B. pyrogene Kieselsäure, Silkonöl, etc.), der durch Zugabe eines Vernetzers und ggfs. Katalysators zu elastischem Silikongummi vulkanisiert. Es lassen sich je nach Vulkanisationsart und Eigenschaften des Basispolymers unterschiedliche Kautschukklassen sowie Heiß- und Kaltvulkanisation unterscheiden. In der Konservierung und Restaurierung werden meist bei Raumtemperatur vernetzende, zwei-komponentige Systeme (RTV-2) für die Abformung und Herstellung von Negativformen verwendet. Hervorzuhebende Eigenschaften der Silikonkautschucke sind die hohe Abbildungsgenauigkeit, die Langzeitstabilität und die selbsttrennende Wirkung gegenüber den meisten Werkstoffen.",http://www.w3id.org/archlink/terms/conservationthesaurus/FBFFF5
http://www.w3id.org/archlink/terms/conservationthesaurus/DA841D,additionsvernetzender Silikonkautschuk,"zweikomponentiger Silikonkautschuk, der durch eine Additionsreaktion mittels Platinkatalysator bei Raumtemperatur vernetzt. Charakteristisch sind die nahezu schrumpfungsfreie Aushärtung, hohe Zeichnungsgenauigkeit und chemische Inertheit. Beim Auftragen mehrerer Schichten sollte ""Nass in Nass"" gearbeitet werden um einen sicheren Verbund zu gewährleisten. Die Verarbeitung kann durch katalysatorhemmende Substanzen, wie Schwefel oder Amine, gestört werden. In der Konservierung und Restaurierung eignet sich additionsvernetzender Silikonkautschuk besonders gut für die Herstellung von Galvanoformen.",http://www.w3id.org/archlink/terms/conservationthesaurus/A44BG6
http://www.w3id.org/archlink/terms/conservationthesaurus/C76568,Smooth On Rebound 25,"Produktname eines additionsvernetzenden Silikonkautschuks der Firma Smooth-On. Laut Herstellerangaben zeichnet sich das Produkt durch seine einfache Anwendung, die hohe Reißfestigkeit und eine vernachlässigbare Schrumpfung besonders für die Herstellung detailreicher Formen aus. Durch die selbstverdickende Eigenschaften kann das Produkt auch auf vertikale Oberflächen tropffrei aufgetragen werden. Die Topfzeit beträgt bei Raumtemperatur ca. 20 Min und die Entformzeit ca. 6 Stunden.",http://www.w3id.org/archlink/terms/conservationthesaurus/DA841D
http://www.w3id.org/archlink/terms/conservationthesaurus/AF6D7D,Smooth On Mold Star 30,"Produktname eines additionsvernetzenden Silikonkautschuks der Firma Smooth-On. Laut Herstellerangaben ist dieses Produkt aufgrund seiner niedrigen Viskosität besonders Gießfähig und polymerisiert nahezu ohne Schrumpfung zu einem elastischem, stabilen Kautschuk. Durch die Hitzebeständigkeit bis ca. 230°C ist auch das eingießen von niedrigschmelzenden Metallen direkt in die Silikonform möglich. Die Topfzeit beträgt bei Raumtemperatur ca. 45 Min, die Entformzeit ca. 6 Stunden.",http://www.w3id.org/archlink/terms/conservationthesaurus/DA841D
http://www.w3id.org/archlink/terms/conservationthesaurus/GCDG5D,Nedform Silikon Addition Transparent 25,,http://www.w3id.org/archlink/terms/conservationthesaurus/DA841D
http://www.w3id.org/archlink/terms/conservationthesaurus/C5G53A,Dentalsilikon,"additionsvernetzender Silikonkautschuk auf Vinylpolysiloxanbasis aus dem Zahnmedizinbereich, speziell entwickelt für die dentale Präzisionsabformung. Charakteristisch ist eine schnelle, zeitlich definierte Abbindezeit und leichte Verarbeitung, wodurch es im Bereich der Konservierung und Restaurierung besonders für eine zeitsparende Abformung kleiner Teilbereiche eines Objektes, z.B. für die Manschettenherstellung zur Ergänzung von Fehlstellen, geeignet ist.",http://www.w3id.org/archlink/terms/conservationthesaurus/DA841D
http://www.w3id.org/archlink/terms/conservationthesaurus/GD9CA3,kondensationsvernetzender Silikonkautschuk,"zweikomponenten Silikonkautschuk, der durch eine Polykondensationsreaktion mittels Zinnkatalysatoren vernetzt. In der Konservierung und Restaurierung wird kondensationsvernetzender Silikonkautschuk aufgrund seiner einfachen Verarbeitung, Zeichnungsgenauigkeit und moderaten Kosten für die Abformung von Objekten verwendet. Bei dieser Art von Silikonkautschuk ist ein Auftrag in mehrere Schichten, auch nach Polymerisation der Vorherigen möglich. Während der Vernetzungsreaktion werden Alkohole (typischerweise Ethanol) abgespalten, was zu einem Volumenschwund des Silikonkautschuks führt. Aus diesem Grund weist das Material eine begrenzte Langzeitstabilität auf und kann zur Versprödung neigen. Darüber hinaus können austretende Silikonöle bei porösen Materialien zu Verfärbungen führen.",http://www.w3id.org/archlink/terms/conservationthesaurus/A44BG6
http://www.w3id.org/archlink/terms/conservationthesaurus/A6CA1C,Elastosil M 4503,"Produktname eines kondensationsvernetzenden Silikonkautschuks der Firma Wacker. Laut Herstellerangaben zeichnet sich das Produkt vor allem durch eine gute Fließfähigkeit, hohe Ein- und Weiterreißfestigkeit, große Dehnbarkeit und Elastizität sowie eine ausgeprägte Langzeitstabilität und Beständigkeit gegenüber Gießharzen aus. Das Produkt hat eine Topfzeit von 75 min (bei Raumtemperatur) und einen Schrumpfrichtwert von 0,5%.",http://www.w3id.org/archlink/terms/conservationthesaurus/GD9CA3
http://www.w3id.org/archlink/terms/conservationthesaurus/DB5G7D,Elastosil M4514,"Produktname eines kondensationsvernetzenden Silikonkautschuks der Firma Wacker. Laut Herstellerangaben zeigt dieses Produkt eine besonders gute Beständigkeit gegenüber Polyester- und Polyurethanharzen, auch bei wiederholter Abformungen. Darüber hinaus besitzt es eine sehr gute Fließfähigkeit und Selbstentlüftung sowie eine hohe Dehnbarkeit und Elastizität, wodurch es sehr gut für die Abformung von Objekten mit starker Hinterschneidungen geeignet ist. Die Topfzeit ist, in Abhängigkeit des verwendeten Härters, mit 60-90 min angegeben, der Schrumpfrichtwert liegt bei <0,4 %.",http://www.w3id.org/archlink/terms/conservationthesaurus/GD9CA3
http://www.w3id.org/archlink/terms/conservationthesaurus/C9C7C7,Elastosil M3500,"Produktname eines standfesten, kondensationsvernetzenden Silikonkautschuke der Firma Wacker, welches in der Vergangenheit am LEIZA für Abformungen verwendet wurde. Das Produkt ist jedoch aktuell nicht mehr verfügbar (Stand 2024).",http://www.w3id.org/archlink/terms/conservationthesaurus/GD9CA3
http://www.w3id.org/archlink/terms/conservationthesaurus/A8GFCC,Bluesil RTV 3325,"Produktname eines kondensationsvernetzenden Silikonkautschuks der Firma Elkem Silicones (früher: Bluestar Silicones), dass in der Vergangenheit unter der Bezeichnung ""Rhodorsil RTV 3325"" vertrieben wurde,. Laut Herstellerangabe zeichnet sich das Produkt durch eine gute Fließfähigkeit, hohe Reißfestigkeit, ausgezeichnete Wiedergabetreue der Oberflächendetails sowie nicht haftende Eigenschaften und hohe Elastizität, die eine leichte Abnahem der Form von dem Originale ermöglichen, aus. Es können eine Reihe verschiedener Härter mit diesem Silikonkautschuk verwendet werden, die die Topfzeit (zwischen 20 - 150 min) sowie die Entformzeit (6 - 24 h) beeinflussen. Die Lineare Schrumpfung wird mit <0,7% angegeben.",http://www.w3id.org/archlink/terms/conservationthesaurus/GD9CA3
http://www.w3id.org/archlink/terms/conservationthesaurus/AC1C85,Silikon Kondensation 20 A+B,"Produktname eines kondensationsvernetzenden Silikonkautschuks der Firma Nedform, welches auch unter dem Namen Nedsil 20 TVL vertrieben wird. Laut Herstellerangabe zeichnet sich das Produkt durch eine gute Fließfähigkeit, feine Detailgenauigkeit und eine sehr hohe Reisfestigkeit aus. Die Topfzeit bei Raumtemperatur wird mit 100 min, die Entformzeit mit 16-20 h angegeben, wobei beides maßgeblich von Mischungsverhältnis und Luftfeuchtigkeit abhängt.",http://www.w3id.org/archlink/terms/conservationthesaurus/GD9CA3
http://www.w3id.org/archlink/terms/conservationthesaurus/D7A4BC,Fett,"bei Raumtemeperatur fester Stoff, der aus einem Gemisch aus Triglyceriden mit Estern von Fettsäuren besteht. In der Restaurierung werden Fette haupstächlich als Schmier- bzw. Trennmittel z.B. bei der Abformung von Objekten verwendet.",http://www.w3id.org/archlink/terms/conservationthesaurus/FBFFF5
http://www.w3id.org/archlink/terms/conservationthesaurus/D81175,Vaseline,halbfestes Gemisch aus gesättigten Kohlenwasserstoffen hergestellt aus verschiedenen Paraffinen und Minderalölen. In der Konservierung und Restaurierung wird Vaseline als wasserabweisendes Schutzmittel und temporäres Trennmittel verwendet.,http://www.w3id.org/archlink/terms/conservationthesaurus/D7A4BC
http://www.w3id.org/archlink/terms/conservationthesaurus/AF1328,Stearin,"weißes bis schwach gelbliches, wasserunlösliches Gemisch aus Glycerinestern der Stearinsäure und Palmitinsäure. Es entsteht bei der Fettspaltung, indem das Fettsäuregemisch durch Auspressen von der flüssigen Ölsäure getrennt wird, und hat einen Schmelzpunkt von etwa 60–70 °C. Stearin wird in der Konservierung und Restaurierung teilweise für das Einfetten von Formteilen im Zuge der Abformung bzw. Herstellung von Kopien verwendet.",http://www.w3id.org/archlink/terms/conservationthesaurus/D7A4BC
http://www.w3id.org/archlink/terms/conservationthesaurus/DG8FG3,Modelliermasse,"Oberbegriff für leicht formbares Material, welches in der Restaurierung hauptsächlich für die Einbettung von Objekten, die Herstellung von Manschetten bzw. Formen und/oder die Erstellung von dreidimensionalen Modellen verwendet wird.",http://www.w3id.org/archlink/terms/conservationthesaurus/FBFFF5
http://www.w3id.org/archlink/terms/conservationthesaurus/CB4G84,Wachs,"weich, plastisches Material aus unterschiedlichen Stoffgemischen mit niedrigem Schmelzpunkt und guter Adhäsionsfähigkeit. In der Konservierung und Restaurierung wird Wachs unter anderem für die Ergänzung von Fehlstellen, als Abformmaterial bzw. als Manschette oder als Material für das freie Modellieren des fehlenden Teils, verwendet. Darüber hinaus werden modifizierte Wachse als Trennschicht bzw. Absperrschicht zwischen Materialien und als Versiegelung poröser Materialien eingesetzt.",http://www.w3id.org/archlink/terms/conservationthesaurus/DG8FG3
http://www.w3id.org/archlink/terms/conservationthesaurus/C9AFG9,Mikrokristallines Wachs,,http://www.w3id.org/archlink/terms/conservationthesaurus/CB4G84
http://www.w3id.org/archlink/terms/conservationthesaurus/F6344G,Cosmoloid H80,"mikrokristallines Kohlenwasserstoffwachs, das aus verzweigt-kettigen und naphthenischen Kohlenwasserstoffen besteht und durch katalytische Entfernung von Schwefel aus Paraffinen hergestellt wird. Es hat einen Schmelzpunkt von ca. 85°C, ist nahezu säurefrei und in aliphatischen und aromatischen Kohlenwasserstoffen löslich. In der Konservierung und Restaurierung wird Cosmoloid H80 häufig zur Oberflächenbehandlung und als Korrosionsschutz, insbesondere für Eisenobjekte, eingesetzt.",http://www.w3id.org/archlink/terms/conservationthesaurus/C9AFG9
http://www.w3id.org/archlink/terms/conservationthesaurus/A8245D,Ton <Restaurierungsmaterial>,"mineralisches Naturmaterial mit hoher Formbarkeit und Plastizität, das in der Konservierung und Restaurierung hauptsächlich als primäres Trägermaterial für die Ergänzung stark fragmentierter Objekte (Gefäße)  verwendet wird.",http://www.w3id.org/archlink/terms/conservationthesaurus/DG8FG3
http://www.w3id.org/archlink/terms/conservationthesaurus/A2B583,Plastilin,"formbare ton- bzw. wachsähnliche Modelliermasse aus verschiedenen Füllstoffen (Kalziumcarbonat, Kreide, Kalk, etc.) Ölen, Wachsen und Polymeren. Sie trocknet nicht aus, bleibt dauerhaft geschmeidig und knetbar sowie wiedervervendbar. In der Konservierung und Restaurierung wird Plastilin häufig für temporäre Stützen, Abformungen und Manschettenergänzungen verwendet. Die enthaltenen Öle in manchen Plastilin-Produkten können, gerade auf hellen und/oder porösen Oberflächen, zu Verfärbungen, Flecken und fettigen Rückständen führen, sodass solche Oberfläche bei der Verwendung von Plastilin zusätzlich geschützt werden sollten.",http://www.w3id.org/archlink/terms/conservationthesaurus/DG8FG3
http://www.w3id.org/archlink/terms/conservationthesaurus/GD5FG6,Gips (Restaurierungsmaterial),"pulverförmiges Material aus Calciumsulfat, das duch Brennen des wasserhaltigen Gips-Minerals gewonnen wird. Durch Zugabe von Wasser wird aus dem fein gemahlenen Gipspulver eine formbar Modelliermasse, die an der Luft aushärtet. Aufgrund seiner leichten Berarbeitbarkeit und der schnellen Härtung wird Gips in der Restaurierung für Abgüsse/Modelle, Formbau oder die Ergänzung von Fehlstellen verwendet.",http://www.w3id.org/archlink/terms/conservationthesaurus/DG8FG3
http://www.w3id.org/archlink/terms/conservationthesaurus/CD784B,Alabaster Modellgips,"Hochreiner, weißer Gips, speziell für die Herstellung detaillierter Modelle und Formen. Er zeichnet sich durch seine feine Körnung, schnelle Abbindezeit und hohe Härte bei gleichzeitig guter Bearbeitbarkeit nach Aushärtung aus.",http://www.w3id.org/archlink/terms/conservationthesaurus/GD5FG6
http://www.w3id.org/archlink/terms/conservationthesaurus/C35AG4,Exaduro Gips,,http://www.w3id.org/archlink/terms/conservationthesaurus/GD5FG6
http://www.w3id.org/archlink/terms/conservationthesaurus/A3D23D,Moltofill,"Produktname einer gebrauchsfertige Spachtelmasse auf Gipsbasis, die für das Füllen von Rissen, Löchern und Unebenheiten in Wänden und Decken entwickelt wurde. Sie zeichnet sich durch ihre feine Konsistenz, leichte Verarbeitbarkeit und schnelle Trocknung aus und wird daher in der Konservierung und Restaurierung für kleinere Ausbesserungsarbeiten an Keramikobjekten verwendet.",http://www.w3id.org/archlink/terms/conservationthesaurus/GD5FG6
http://www.w3id.org/archlink/terms/conservationthesaurus/D24653,Keramiplast®,"Produktname einer lufthärtenden Modelliermasse auf Basis von Zellulose und mineralischen Bestandteilen, die sich durch ihre hohe Formstabilität, feine Oberflächenstruktur und einfache Verarbeitung auszeichnet. In der Konservierung und Restaurierung wird Keramiplast hauptsächlich für das Füllen von feinen Abplatzungen und Rissen in Keramikobjekten oder für das Modellieren von Formteilen verwendet.",http://www.w3id.org/archlink/terms/conservationthesaurus/GD5FG6
http://www.w3id.org/archlink/terms/conservationthesaurus/D2G12A,Naturkautschuk,"elastischer, polymerer Werkstoff, der hauptsächlich aus dem Milchsaft (Latex) des Kautschukbaums (Hevea brasiliensis) gewonnen wird. Chemisch besteht er überwiegend aus Polyisopren, einem cis-1,4-Polymer, das ihm seine charakteristische Elastizität und Reißfestigkeit verleiht. Naturkautschuk ist wasserunlöslich, dehnbar und besitzt eine hohe chemische Beständigkeit.",http://www.w3id.org/archlink/terms/conservationthesaurus/FBFFF5
http://www.w3id.org/archlink/terms/conservationthesaurus/DFDG2A,Givul MR,,http://www.w3id.org/archlink/terms/conservationthesaurus/D2G12A
http://www.w3id.org/archlink/terms/conservationthesaurus/C97B35,Revultex,,http://www.w3id.org/archlink/terms/conservationthesaurus/D2G12A
http://www.w3id.org/archlink/terms/conservationthesaurus/BGGCA4,Verstärkungsfaser,"Oberbegriff für fasrige Materialien, die zur Verstärkung anderer Materialien eingesetzt werden. Sie erhöhen deren Festigkeit, Steifigkeit und Stabilität, indem sie die mechanischen Eigenschaften des Materials verbessern. Die Verstärkungsfasern werden dafür in der Regel in eine Matrix (z.B. aus Polymeren) eingebettet.",http://www.w3id.org/archlink/terms/conservationthesaurus/C364G1
http://www.w3id.org/archlink/terms/conservationthesaurus/F61BGA,Glasfasergewebe,,http://www.w3id.org/archlink/terms/conservationthesaurus/BGGCA4
http://www.w3id.org/archlink/terms/conservationthesaurus/A8272G,Japanpapier,,http://www.w3id.org/archlink/terms/conservationthesaurus/BGGCA4
http://www.w3id.org/archlink/terms/conservationthesaurus/CD477D,Kohlefaser,,http://www.w3id.org/archlink/terms/conservationthesaurus/BGGCA4
http://www.w3id.org/archlink/terms/conservationthesaurus/FGBB8G,Naturseide,,http://www.w3id.org/archlink/terms/conservationthesaurus/BGGCA4
http://www.w3id.org/archlink/terms/conservationthesaurus/GF1639,Goldschlägerhaut,,http://www.w3id.org/archlink/terms/conservationthesaurus/BGGCA4
http://www.w3id.org/archlink/terms/conservationthesaurus/BB78D2,Füllstoff,"""verhältnismäßig inerter fester Stoff, der einem Kunststoff oder einem Klebstoff beigemischt wird, um dessen Festigkeit, Beständigkeit, Verarbeitungseigenschaften oder andere Eigenschaften zu verbessern oder um die Kosten zu senken.""",http://www.w3id.org/archlink/terms/conservationthesaurus/C364G1
http://www.w3id.org/archlink/terms/conservationthesaurus/B9D357,Hohlglaskügelchen,"mikroskopisch kleine, hohle Kügelchen aus Borosilikatglas mit geringem Gewicht und hoher Stabilität, die als Füllstoff in Restaurierungsmaterialien eingesetzt werden.",http://www.w3id.org/archlink/terms/conservationthesaurus/BB78D2
http://www.w3id.org/archlink/terms/conservationthesaurus/FC6F82,Graphit,,http://www.w3id.org/archlink/terms/conservationthesaurus/BB78D2
http://www.w3id.org/archlink/terms/conservationthesaurus/C1BBFB,Metallpulver,,http://www.w3id.org/archlink/terms/conservationthesaurus/BB78D2
http://www.w3id.org/archlink/terms/conservationthesaurus/BFB3B9,Talkum,,http://www.w3id.org/archlink/terms/conservationthesaurus/BB78D2
http://www.w3id.org/archlink/terms/conservationthesaurus/DA86F8,pyrogene Kieselsäure,"sehr feines Pulver von schneeweißer Farbe aus synthetisch hergestelltem Siliziumdioxid. Charakteristisch sind die sehr kleinen Partikelgrößen, das äußert geringe Schüttvolumen und die flockige Struktur der Agglomerate. In der Konservierung und Restaurierung wird pyrogene Kieselsäure hauptsächlich als Verdickungsmittel für Polymere und Silikonkautschuke verwendet.",http://www.w3id.org/archlink/terms/conservationthesaurus/BB78D2
http://www.w3id.org/archlink/terms/conservationthesaurus/GGFD3F,Aerosil,Produktname für verschiedene Varianten pyrogener Kieselsäure der Firma Evonik Industries (früher Degussa).,http://www.w3id.org/archlink/terms/conservationthesaurus/DA86F8
http://www.w3id.org/archlink/terms/conservationthesaurus/D38D51,HDK,Produktname für verschiedene Varianten pyrogener Kieselsäure der Firma Wacker.,http://www.w3id.org/archlink/terms/conservationthesaurus/DA86F8
http://www.w3id.org/archlink/terms/conservationthesaurus/A17G33,Holzmehl,,http://www.w3id.org/archlink/terms/conservationthesaurus/BB78D2
http://www.w3id.org/archlink/terms/conservationthesaurus/G2G253,Kreide,,http://www.w3id.org/archlink/terms/conservationthesaurus/BB78D2
http://www.w3id.org/archlink/terms/conservationthesaurus/CCCC7G,Öl,,http://www.w3id.org/archlink/terms/conservationthesaurus/C364G1
http://www.w3id.org/archlink/terms/conservationthesaurus/G44C1A,Leinöl,,http://www.w3id.org/archlink/terms/conservationthesaurus/CCCC7G
http://www.w3id.org/archlink/terms/conservationthesaurus/A28B4D,Auro Naturharzölimpregniergrund Nr. 121,,http://www.w3id.org/archlink/terms/conservationthesaurus/CCCC7G
http://www.w3id.org/archlink/terms/conservationthesaurus/F3DB41,Auro Hartöl Nr. 126,,http://www.w3id.org/archlink/terms/conservationthesaurus/CCCC7G
http://www.w3id.org/archlink/terms/conservationthesaurus/AFD671,Farbstoff,"Oberbegriff für Material, welches zur Erzeugung einer Färbung verwendet wird.",http://www.w3id.org/archlink/terms/conservationthesaurus/C364G1
http://www.w3id.org/archlink/terms/conservationthesaurus/F64B9C,Pigment,"feiner, als Feststoff vorliegender Farbstoff, der zur Einfärbung anderer Materialien in diesen suspendiert oder ein/aufgerieben wird.",http://www.w3id.org/archlink/terms/conservationthesaurus/AFD671
http://www.w3id.org/archlink/terms/conservationthesaurus/G5733B,Dispersionsfarbe,,http://www.w3id.org/archlink/terms/conservationthesaurus/AFD671
http://www.w3id.org/archlink/terms/conservationthesaurus/C632FD,Acrylfarbe,,http://www.w3id.org/archlink/terms/conservationthesaurus/G5733B
http://www.w3id.org/archlink/terms/conservationthesaurus/C9GD44,Vollton-/Abtönfarbe,,http://www.w3id.org/archlink/terms/conservationthesaurus/G5733B
http://www.w3id.org/archlink/terms/conservationthesaurus/G5G1DC,Ölfarbe,,http://www.w3id.org/archlink/terms/conservationthesaurus/AFD671
http://www.w3id.org/archlink/terms/conservationthesaurus/F49579,Blattgold,,http://www.w3id.org/archlink/terms/conservationthesaurus/AFD671
http://www.w3id.org/archlink/terms/conservationthesaurus/C1G6C8,Blattsilber,,http://www.w3id.org/archlink/terms/conservationthesaurus/AFD671
http://www.w3id.org/archlink/terms/conservationthesaurus/DBAD15,Schlagmetall,,http://www.w3id.org/archlink/terms/conservationthesaurus/AFD671
http://www.w3id.org/archlink/terms/conservationthesaurus/ADD53A,Strahlmittel,"feinkörnige Substanz, die für die Methode des Feinstrahlens in einem Strahlgerät verwendet wird. Je nach Objektzustand und dem angestrebten Ergebnis stehen härtere oder weichere, kugelige oder kantige Strahlmittel zur Verfügung. Im Bereich der Restaurierung haben sich vor allem mineralische und organische Strahlmittel etabliert.",http://www.w3id.org/archlink/terms/conservationthesaurus/C364G1
http://www.w3id.org/archlink/terms/conservationthesaurus/DF9GCF,Edelkorund,"synthetisch hergestelltes Feinstrahlmittel aus nahezu reinem Aluminiumoxyd. Korund weist eine hohe Härte und spitz bizarre Kornform auf, wodurch es in der Verwendung als Strahlmittel eine stark abrasive Wirkung zeigt. In der Restaurierung wird Korund vor allem für die Freilegung von metallischen Korrosionsprodukten verwendet.",http://www.w3id.org/archlink/terms/conservationthesaurus/ADD53A
http://www.w3id.org/archlink/terms/conservationthesaurus/FGB66B,Glasperlen,"feinkugeliges Feinstrahlmittel aus Natronglas. Im Vergleich zu Edelkorund zeigen Glasperlen als Strahlmittel eine weniger stark abrasive Wirkung und sind daher besonders für die Reinigung/Freilegung empfindlicherer Oberflächen geeignet. Durch die kugelige Form wird zudem eine ""Hämmerwirkung"" erzielt, die zur leichten Verdichtung der Oberflächen bei metallischen Objekten führt.",http://www.w3id.org/archlink/terms/conservationthesaurus/ADD53A
http://www.w3id.org/archlink/terms/conservationthesaurus/B71F12,Walnussschalenganulat,"organisches Strahlmittel aus den Schalen der Walnuss. Trotz der geringen Härte besitzen Walsnussschalen eine hohe Festigkeit, wodurch sie besonders gut für einen leichten und schonenden Reinigungseffekt empfindlicher Materialien geeignet sind.",http://www.w3id.org/archlink/terms/conservationthesaurus/ADD53A
http://www.w3id.org/archlink/terms/conservationthesaurus/D8C292,Kunststoffgranulat,,http://www.w3id.org/archlink/terms/conservationthesaurus/ADD53A
http://www.w3id.org/archlink/terms/conservationthesaurus/D9G356,[Stütz- und Verpackungsmaterial],"strukturierender Oberbegriff für Materialien, die in der Restaurierung hauptsächlich für das Verpacken und die Lagerung sowie für die Abstützung bzw. den Trägerbau von Objekten verwendet werden.",http://www.w3id.org/archlink/terms/conservationthesaurus/C364G1
http://www.w3id.org/archlink/terms/conservationthesaurus/DD3858,Acrylglas,,http://www.w3id.org/archlink/terms/conservationthesaurus/D9G356
http://www.w3id.org/archlink/terms/conservationthesaurus/CBBF13,Styrodur,,http://www.w3id.org/archlink/terms/conservationthesaurus/D9G356
http://www.w3id.org/archlink/terms/conservationthesaurus/CCB66C,Styropor,,http://www.w3id.org/archlink/terms/conservationthesaurus/D9G356
http://www.w3id.org/archlink/terms/conservationthesaurus/BB8D78,Polycarbonat,,http://www.w3id.org/archlink/terms/conservationthesaurus/D9G356
http://www.w3id.org/archlink/terms/conservationthesaurus/A7824C,Makrolon,,http://www.w3id.org/archlink/terms/conservationthesaurus/BB8D78
http://www.w3id.org/archlink/terms/conservationthesaurus/F91427,Polyethylen-Schaum,,http://www.w3id.org/archlink/terms/conservationthesaurus/D9G356
http://www.w3id.org/archlink/terms/conservationthesaurus/GA1687,Ethafoam,,http://www.w3id.org/archlink/terms/conservationthesaurus/F91427
http://www.w3id.org/archlink/terms/conservationthesaurus/A93F6C,Plastazote,,http://www.w3id.org/archlink/terms/conservationthesaurus/F91427
http://www.w3id.org/archlink/terms/conservationthesaurus/A33F4B,Seidenpapier,,http://www.w3id.org/archlink/terms/conservationthesaurus/D9G356
http://www.w3id.org/archlink/terms/conservationthesaurus/DAG754,Kartonage,,http://www.w3id.org/archlink/terms/conservationthesaurus/D9G356
http://www.w3id.org/archlink/terms/conservationthesaurus/F432G4,Tyvek,,http://www.w3id.org/archlink/terms/conservationthesaurus/D9G356
http://www.w3id.org/archlink/terms/conservationthesaurus/F8ADGD,Folie,,http://www.w3id.org/archlink/terms/conservationthesaurus/D9G356
http://www.w3id.org/archlink/terms/conservationthesaurus/F67D14,Aluminiumverbundfolie,,http://www.w3id.org/archlink/terms/conservationthesaurus/F8ADGD
http://www.w3id.org/archlink/terms/conservationthesaurus/G2DA3A,Aluminiumfolie,,http://www.w3id.org/archlink/terms/conservationthesaurus/F8ADGD
http://www.w3id.org/archlink/terms/conservationthesaurus/F8G977,Zinnfolie,,http://www.w3id.org/archlink/terms/conservationthesaurus/F8ADGD
http://www.w3id.org/archlink/terms/conservationthesaurus/B6F5BG,PE-Folie,"Folien aus thermoplastischem Polymer des Ethylens, die durch ihre chemische Inertheit gegenüber einer Vielzahl von in der Konservierung und Restaurierung eingesetzten Materialen vielfältig für Verpackungen verwendet wird.",http://www.w3id.org/archlink/terms/conservationthesaurus/F8ADGD
http://www.w3id.org/archlink/terms/conservationthesaurus/GDB246,Adsorbens,"Material, das in der Lage ist, Stoffe (z.B. Gase, Flüssigkeiten oder gelöste Substanzen) an seiner Oberfläche zu binden und so aus einer Mischung zu entfernen oder zu konzentrieren.",http://www.w3id.org/archlink/terms/conservationthesaurus/D9G356
http://www.w3id.org/archlink/terms/conservationthesaurus/C38B35,Trockenmittel,,http://www.w3id.org/archlink/terms/conservationthesaurus/GDB246
http://www.w3id.org/archlink/terms/conservationthesaurus/A8B27G,Silicagel,,http://www.w3id.org/archlink/terms/conservationthesaurus/C38B35
http://www.w3id.org/archlink/terms/conservationthesaurus/B33968,Molekularsieb,,http://www.w3id.org/archlink/terms/conservationthesaurus/C38B35
http://www.w3id.org/archlink/terms/conservationthesaurus/F443FD,Schadstoffabsorber,,http://www.w3id.org/archlink/terms/conservationthesaurus/GDB246
http://www.w3id.org/archlink/terms/conservationthesaurus/C1DG79,Aktivkohlegewebe,,http://www.w3id.org/archlink/terms/conservationthesaurus/F443FD
http://www.w3id.org/archlink/terms/conservationthesaurus/BFCF37,RP Sauerstoffabsorber,Produktname von Schadstoff- bzw. Sauerstoffabsorbern der Firma Mitsubishi Gas Chemical Europe GmbH,http://www.w3id.org/archlink/terms/conservationthesaurus/F443FD
http://www.w3id.org/archlink/terms/conservationthesaurus/D4FC62,RP-K Sauerstoffabsober,"Produktname eines Schadstoff- bzw Sauerstoffabsorbers bestehend aus Kieselgur, Polyethylen, Ca(OH)2 sowie Graphit der Firma Mitsubishi Gas Chemical Europe GmbH, speziell für die Konservierung von hygroskopischen Materialien entwickelt. RP-K absorbiert Luftsauerstoff, ohne Einfluss auf die relative Luftfeuchtigkeit zu nehmen.",http://www.w3id.org/archlink/terms/conservationthesaurus/BFCF37
http://www.w3id.org/archlink/terms/conservationthesaurus/BG5FG6,RP-A Sauerstoffabsober,"Produktname eines Schadstoff- bzw Sauerstoffabsorbers bestehend aus Zeolith, Polyethylen, Ca(OH)2 sowie Aktivkohle der Firma Mitsubishi Gas Chemical Europe GmbH, speziell für die Konservierung von Metallen, Elektronik und archäologische Bodenfunde entwickelt. RP-A absorbiert Luftsauerstoft und senkt dabei auch die relative Luftfeuchtigkeit.",http://www.w3id.org/archlink/terms/conservationthesaurus/BFCF37
http://www.w3id.org/archlink/terms/conservationthesaurus/C93638,Konservierungs- und Restaurierungswerkzeuge,"Oberbegriff für Gegenstände, die genutzt werden um Konservierungs- und/oder Restaurierungsmaßnahmen durchzuführen. Die verschiedenen Werkzeuge ermöglichen ein präzises Arbeiten und erhöhen die Effizienz bei den unterschiedlichen Methoden und Aufgaben.",http://www.w3id.org/archlink/terms/conservationthesaurus/CFGDA3
http://www.w3id.org/archlink/terms/conservationthesaurus/GF9C49,technische Geräte,"Oberbegriff für komplexe, technische Hilfsmittel mit elektrischen oder elektronischen Komponenten, die durch Strom betrieben werden.",http://www.w3id.org/archlink/terms/conservationthesaurus/C93638
http://www.w3id.org/archlink/terms/conservationthesaurus/G487C2,Feinstrahlgerät,,http://www.w3id.org/archlink/terms/conservationthesaurus/GF9C49
http://www.w3id.org/archlink/terms/conservationthesaurus/D8G747,Mikromotor,"präzises Elektrowerkzeug mit austauschbaren Aufsätzen, das in der Konservierung und Restaurierung verwendet wird, um feine Arbeiten wie Schleifen, Bohren oder Polieren durchzuführen. Es ermöglicht exakte Materialbearbeitung unter Kontrolle und ohne großen Kraftaufwand.",http://www.w3id.org/archlink/terms/conservationthesaurus/GF9C49
http://www.w3id.org/archlink/terms/conservationthesaurus/C4C6B6,Schleifkörper,"Werkzeug aus abrasivem Material, in unterschiedlicher Form wie Scheiben, Stäben oder Blöcken, das in der Konservierung und Restaurierung zur schonenden Bearbeitung von Oberflächen eingesetzt wird. Es dient zum Glätten, Formen oder Entfernen von Schichten und wird auf die spezifischen Anforderungen des zu bearbeitenden Materials abgestimmt.",http://www.w3id.org/archlink/terms/conservationthesaurus/GF9C49
http://www.w3id.org/archlink/terms/conservationthesaurus/ABF57G,Diamantschleifkörper,,http://www.w3id.org/archlink/terms/conservationthesaurus/C4C6B6
http://www.w3id.org/archlink/terms/conservationthesaurus/A97F31,Gummischleifkörper,,http://www.w3id.org/archlink/terms/conservationthesaurus/C4C6B6
http://www.w3id.org/archlink/terms/conservationthesaurus/CDF423,Metallfräser,,http://www.w3id.org/archlink/terms/conservationthesaurus/C4C6B6
http://www.w3id.org/archlink/terms/conservationthesaurus/A22C84,Korundschleifkörper,,http://www.w3id.org/archlink/terms/conservationthesaurus/C4C6B6
http://www.w3id.org/archlink/terms/conservationthesaurus/C5A318,Ultraschallgerät,"technisches Gerät, das zur Reinigung von Objekten mittels hochfrequenter Ultraschallwellen eingesetzt wird. Diese Wellen erzeugen in einer Flüssigkeit, meist Wasser oder einer speziellen Reinigungslösung, Kavitationsblasen, die beim Zusammenfallen Verunreinigungen von der Oberfläche der zu reinigenden Gegenstände lösen. Diese Methode ist besonders schonend und effizient und wird in der Konservierung und Restaurierung für empfindliche oder komplex geformte Objekte verwendet.",http://www.w3id.org/archlink/terms/conservationthesaurus/GF9C49
http://www.w3id.org/archlink/terms/conservationthesaurus/C871CB,Ultraschallfeinmeißel,,http://www.w3id.org/archlink/terms/conservationthesaurus/GF9C49
http://www.w3id.org/archlink/terms/conservationthesaurus/BBB987,Absauganlage,"technisches Gerät zur Entfernung von gesundheitsgefährdenden Stäuben und/oder Dämpfen, i.d.R. bestehend aus Motor, Pumpe, Filter-Einheit und Saugrüssel.",http://www.w3id.org/archlink/terms/conservationthesaurus/GF9C49
http://www.w3id.org/archlink/terms/conservationthesaurus/GF3586,Druckluft,,http://www.w3id.org/archlink/terms/conservationthesaurus/GF9C49
http://www.w3id.org/archlink/terms/conservationthesaurus/C2112G,Gefriertrocknungsanlage,,http://www.w3id.org/archlink/terms/conservationthesaurus/GF9C49
http://www.w3id.org/archlink/terms/conservationthesaurus/DAC482,Lötvorrichtung,,http://www.w3id.org/archlink/terms/conservationthesaurus/GF9C49
http://www.w3id.org/archlink/terms/conservationthesaurus/D7GGGG,Wärmeschrank,,http://www.w3id.org/archlink/terms/conservationthesaurus/GF9C49
http://www.w3id.org/archlink/terms/conservationthesaurus/F8323G,industrielle Mikrowellenkammer,,http://www.w3id.org/archlink/terms/conservationthesaurus/GF9C49
http://www.w3id.org/archlink/terms/conservationthesaurus/C99F9G,Plasmaanlage,,http://www.w3id.org/archlink/terms/conservationthesaurus/GF9C49
http://www.w3id.org/archlink/terms/conservationthesaurus/A4G4G1,Heißluftföhn,,http://www.w3id.org/archlink/terms/conservationthesaurus/GF9C49
http://www.w3id.org/archlink/terms/conservationthesaurus/C9G1B6,Airbrush-System,,http://www.w3id.org/archlink/terms/conservationthesaurus/GF9C49
http://www.w3id.org/archlink/terms/conservationthesaurus/FG9C55,Exsikkator,,http://www.w3id.org/archlink/terms/conservationthesaurus/GF9C49
http://www.w3id.org/archlink/terms/conservationthesaurus/FA9542,Schmelzofen,,http://www.w3id.org/archlink/terms/conservationthesaurus/GF9C49
http://www.w3id.org/archlink/terms/conservationthesaurus/D941BB,manuelle Werkzeuge,"Oberbegriff für nicht-elektronische Geräte, die durch rein menschliche Kraft funktionieren.",http://www.w3id.org/archlink/terms/conservationthesaurus/C93638
http://www.w3id.org/archlink/terms/conservationthesaurus/CC2BBB,Pinsel,,http://www.w3id.org/archlink/terms/conservationthesaurus/D941BB
http://www.w3id.org/archlink/terms/conservationthesaurus/C4569A,Bürste,,http://www.w3id.org/archlink/terms/conservationthesaurus/D941BB
http://www.w3id.org/archlink/terms/conservationthesaurus/CG825A,Wattestäbchen,,http://www.w3id.org/archlink/terms/conservationthesaurus/D941BB
http://www.w3id.org/archlink/terms/conservationthesaurus/D84847,Wattepads,,http://www.w3id.org/archlink/terms/conservationthesaurus/D941BB
http://www.w3id.org/archlink/terms/conservationthesaurus/D11BD4,Gaze,,http://www.w3id.org/archlink/terms/conservationthesaurus/D941BB
http://www.w3id.org/archlink/terms/conservationthesaurus/D1A63D,Putzholz,,http://www.w3id.org/archlink/terms/conservationthesaurus/D941BB
http://www.w3id.org/archlink/terms/conservationthesaurus/F91CBB,Radiergummi,,http://www.w3id.org/archlink/terms/conservationthesaurus/D941BB
http://www.w3id.org/archlink/terms/conservationthesaurus/A7B5AA,Groom/Stick®,"Produktname eines ph-neutralen, knetbaren Naturgummies der Firma Picreator Enterprises Ltd. zur Oberflächenreinigung. Laut Herstellerangaben abriebfest, rückstandsfrei und vollständig wiederverwendbar.",http://www.w3id.org/archlink/terms/conservationthesaurus/D941BB
http://www.w3id.org/archlink/terms/conservationthesaurus/B28GC7,Zellstoff,,http://www.w3id.org/archlink/terms/conservationthesaurus/D941BB
http://www.w3id.org/archlink/terms/conservationthesaurus/AA4F93,Textil,,http://www.w3id.org/archlink/terms/conservationthesaurus/D941BB
http://www.w3id.org/archlink/terms/conservationthesaurus/A341F9,Schwamm,,http://www.w3id.org/archlink/terms/conservationthesaurus/D941BB
http://www.w3id.org/archlink/terms/conservationthesaurus/F71C33,Skalpell,,http://www.w3id.org/archlink/terms/conservationthesaurus/D941BB
http://www.w3id.org/archlink/terms/conservationthesaurus/D1C67A,Metallschaber,,http://www.w3id.org/archlink/terms/conservationthesaurus/D941BB
http://www.w3id.org/archlink/terms/conservationthesaurus/ACB46G,Stachelschweinborste,,http://www.w3id.org/archlink/terms/conservationthesaurus/D941BB
http://www.w3id.org/archlink/terms/conservationthesaurus/F19194,Nadel,,http://www.w3id.org/archlink/terms/conservationthesaurus/D941BB
http://www.w3id.org/archlink/terms/conservationthesaurus/F18C56,Holzschaber,,http://www.w3id.org/archlink/terms/conservationthesaurus/D941BB
http://www.w3id.org/archlink/terms/conservationthesaurus/G33846,Acrylglasschaber,,http://www.w3id.org/archlink/terms/conservationthesaurus/D941BB
http://www.w3id.org/archlink/terms/conservationthesaurus/A48485,Draht,,http://www.w3id.org/archlink/terms/conservationthesaurus/D941BB
http://www.w3id.org/archlink/terms/conservationthesaurus/BA264C,Omega-Häkchen,,http://www.w3id.org/archlink/terms/conservationthesaurus/A48485
http://www.w3id.org/archlink/terms/conservationthesaurus/F85978,Bindedraht,,http://www.w3id.org/archlink/terms/conservationthesaurus/A48485
http://www.w3id.org/archlink/terms/conservationthesaurus/C3A182,Nachbildung für wissenschaftliche Zwecke,Erstellung aussagekräftiger Vergleichsstücke zu wissenschaftlichem Zweck,http://www.w3id.org/archlink/terms/conservationthesaurus/CFGDA3
http://www.w3id.org/archlink/terms/conservationthesaurus/G79CAC,[Vorgehensweise],"strukturierender Sammelbegriff für verschiedene Methoden, die zur Herstellung von wissenschaftlichen Vergleichsstücken angewandt werden können",http://www.w3id.org/archlink/terms/conservationthesaurus/C3A182
http://www.w3id.org/archlink/terms/conservationthesaurus/DAG2A8,Abformung,Methode zur Erfassung der Form und aller sichtbaren Informationen der Oberflächen eines Objektes,http://www.w3id.org/archlink/terms/conservationthesaurus/G79CAC
http://www.w3id.org/archlink/terms/conservationthesaurus/G52378,analoge Abformung,"Methode, bei der Abformmaterialien auf das Original aufgetragen werden, um das zu kopierende Objekt als Negativform abzubilden.",http://www.w3id.org/archlink/terms/conservationthesaurus/DAG2A8
http://www.w3id.org/archlink/terms/conservationthesaurus/A2G7B9,Formbau,"Methode zur Herstellung der Negativform eines Objektes durch Verarbeitung von Abformmaterialien. Die gebräuchlichste Form besteht aus einer dünnen, flexiblen Silikonkautschuckhaut, die die Oberfläche des Originals im negativ abzeichnet und einer starren Kapsel, in der die Hautform formschlüssig eingelegt wird.",http://www.w3id.org/archlink/terms/conservationthesaurus/G52378
http://www.w3id.org/archlink/terms/conservationthesaurus/D51B5G,Isolierung,"Methode, bei der das originale Objekte durch Auftragen einer Trennschicht vor den verwendeten Abformmaterialien geschützt wird.",http://www.w3id.org/archlink/terms/conservationthesaurus/A2G7B9
http://www.w3id.org/archlink/terms/conservationthesaurus/C1218G,Abformung (Methode),"Methode, bei der das gewählte Abformmaterial auf das originale Objekt aufgetragen wird, um dessen Form zeichnungsgenau nachzubilden. Dies kann durch Streichen, Gießen oder Drücken erfolgen, je nach Art des verwendeten Abformmaterials.",http://www.w3id.org/archlink/terms/conservationthesaurus/A2G7B9
http://www.w3id.org/archlink/terms/conservationthesaurus/CC67B2,Stützkapselbau,Methode zur Herstellung einer starren Stützkapsel zur Aufnahme der flexiblen Abformmasse.,http://www.w3id.org/archlink/terms/conservationthesaurus/A2G7B9
http://www.w3id.org/archlink/terms/conservationthesaurus/FFA16B,[Formtyp],"strukturierender Sammelbegriff, der die unterschiedlichen Typen von Formen beinhaltet",http://www.w3id.org/archlink/terms/conservationthesaurus/G52378
http://www.w3id.org/archlink/terms/conservationthesaurus/G967G1,Spiegelform,"Einteilige, offene Form mit nur einseitiger Abbildung des Objektes im Negativ",http://www.w3id.org/archlink/terms/conservationthesaurus/FFA16B
http://www.w3id.org/archlink/terms/conservationthesaurus/DC3F7A,Quetschform,"Mehrteilige, geschlossene Form, bei der der Auftrag der Ausformungsmasse vor dem Zusammenbau der Form erfolgt. Ein Überschuss an den Kontaktflächen der Form sorgt für ein 'Zusammenquetschen' und Verbinden der nicht ausgehärtenden Ausformmasse beim Zusammenfügen der Formteile.",http://www.w3id.org/archlink/terms/conservationthesaurus/FFA16B
http://www.w3id.org/archlink/terms/conservationthesaurus/ADCC8A,Laminierform,"Form, in die die Ausformmasse in Verbindung mit Geweben aus Verstärkungsfasern eingebracht (laminiert) wird.",http://www.w3id.org/archlink/terms/conservationthesaurus/FFA16B
http://www.w3id.org/archlink/terms/conservationthesaurus/B1DB9G,Gussform,"Form mit Einfüllöffnung, in die die flüssige Ausformmasse gegossen werden kann.",http://www.w3id.org/archlink/terms/conservationthesaurus/FFA16B
http://www.w3id.org/archlink/terms/conservationthesaurus/C369CB,Steiggussform,"Form mit unterer Einfüllöffnung, in die die flüssige Ausformmasse über eine seperate Steigleitung eingegossen werden kann.",http://www.w3id.org/archlink/terms/conservationthesaurus/FFA16B
http://www.w3id.org/archlink/terms/conservationthesaurus/A15D7G,Schwenkform,Form bei der die flüssige Ausformmasse eingegossen und durch Schwenken der Form in dieser verteilt wird.,http://www.w3id.org/archlink/terms/conservationthesaurus/FFA16B
http://www.w3id.org/archlink/terms/conservationthesaurus/A2GC16,Galvanoform,Form zur Herstellung galvanoplastischer Kopien.,http://www.w3id.org/archlink/terms/conservationthesaurus/FFA16B
http://www.w3id.org/archlink/terms/conservationthesaurus/FBGFC2,[Formaufbau],"strukturierender Sammelbegriff, für die Aufbauarten von Formen, d.h. aus wie vielen Teilen sie bestehend.",http://www.w3id.org/archlink/terms/conservationthesaurus/G52378
http://www.w3id.org/archlink/terms/conservationthesaurus/F7G7CB,Einteilige Form,"Form, die aus einem Formbauteil besteht - siehe Spiegelform.",http://www.w3id.org/archlink/terms/conservationthesaurus/FBGFC2
http://www.w3id.org/archlink/terms/conservationthesaurus/B2D9C9,Mehrteilige Form,"Form, die aus mehreren Formbauteilen besteht.",http://www.w3id.org/archlink/terms/conservationthesaurus/FBGFC2
http://www.w3id.org/archlink/terms/conservationthesaurus/GC14B8,3D-Digitalisierung,,http://www.w3id.org/archlink/terms/conservationthesaurus/DAG2A8
http://www.w3id.org/archlink/terms/conservationthesaurus/F8F7CF,Kopieherstellung,"Methode, bei der aus der zuvor hergestellten Form ein dem Aussehen des originalen Objektes entsprechendes neues Objekt hergestellt wird.",http://www.w3id.org/archlink/terms/conservationthesaurus/G79CAC
http://www.w3id.org/archlink/terms/conservationthesaurus/D9F7AC,Formausguss,"Methode zur Herstellung eines Positives durch Ausgießen, Auspinseln, Ausspachteln, Beschichten (Ausformen) der Negativform mit aushärtenden Werkstoffen (Kunstharze, Gips, etc.).",http://www.w3id.org/archlink/terms/conservationthesaurus/F8F7CF
http://www.w3id.org/archlink/terms/conservationthesaurus/BAB7B1,Galvanisieren,Methode zur Herstellung einer metallischen Kopie durch Beschichten einer Neagtivform mit metallischen Werkstoffen in einem galvanischen Verfahren,http://www.w3id.org/archlink/terms/conservationthesaurus/F8F7CF
http://www.w3id.org/archlink/terms/conservationthesaurus/D772G6,3D-Druckverfahren,Methode zur Herstellung einer Kopie aus photogrammetrischen Daten durch schichtweises Auftragen von Material nach digitalem 3D-Modell.,http://www.w3id.org/archlink/terms/conservationthesaurus/F8F7CF
http://www.w3id.org/archlink/terms/conservationthesaurus/FA2332,Rekonstruktion (Methode),Methode zur Wiederherstellung und/oder Nachbildung eines ursprünglichen Zustandes. Die Rekonstruktion kann sowohl auf Grundlage einer analogen als auch einer digitalen Kopie erfolgen.,http://www.w3id.org/archlink/terms/conservationthesaurus/G79CAC
http://www.w3id.org/archlink/terms/conservationthesaurus/G6282F,Rückformung,"Umformung einer Kunstharz- oder Galvanokopie zur Herstellung der angenommenen, ursprünglichen Form eines Vorbildobjektes.",http://www.w3id.org/archlink/terms/conservationthesaurus/FA2332
http://www.w3id.org/archlink/terms/conservationthesaurus/BDCBC3,Ergänzung (an Kopie),Ausbesserung von Fehlstellen einer Kunstharz- oder Galvanokopie nach Vorbild eines originalen Objektes.,http://www.w3id.org/archlink/terms/conservationthesaurus/FA2332
http://www.w3id.org/archlink/terms/conservationthesaurus/G59852,Reproduktion (Methode),"Methoden zur Nachbildung oder Wiedergabe eines originalen Objektes, das von einer anderen Person angefertigt wurde. Die Methode beinhaltet keine analoge oder digitale Abformung des Objekts.",http://www.w3id.org/archlink/terms/conservationthesaurus/G79CAC
http://www.w3id.org/archlink/terms/conservationthesaurus/BD7FF8,Modellanfertigung,Methode zur Herstellung von modellhaften Darstellung auf Forschungsergebnissen basierender Gegebenheiten.,http://www.w3id.org/archlink/terms/conservationthesaurus/G79CAC
http://www.w3id.org/archlink/terms/conservationthesaurus/F1F372,Kolorierung,Methode zur farbigen Fassung einer angefertigten Nachbildung nach originalem Objektvorbild,http://www.w3id.org/archlink/terms/conservationthesaurus/G79CAC
http://www.w3id.org/archlink/terms/conservationthesaurus/C11192,[Nachbildungsergebnisse],struktureller Sammelbegriff für die bei der Nachbildungstätigkeit entstehenden Objekte,http://www.w3id.org/archlink/terms/conservationthesaurus/C3A182
http://www.w3id.org/archlink/terms/conservationthesaurus/A7FC45,Kopie,"Durch Abformen nachgebildetes Objekt eines Vorbildgegenstandes, welches u.A. zur Erforschung der Typologie, Oberflächeneigenschaften und/oder Farbgebung des Originals genutzt wird.",http://www.w3id.org/archlink/terms/conservationthesaurus/C11192
http://www.w3id.org/archlink/terms/conservationthesaurus/B689B6,Kunstharzkopie,"Kopie, die aus polymeren Werkstoffen hergestellt wird (Epoxid-, Polyester-, Acryl-, Polyurethan-Harz), mit oder ohne Verstärkungsfasern.",http://www.w3id.org/archlink/terms/conservationthesaurus/A7FC45
http://www.w3id.org/archlink/terms/conservationthesaurus/D2GGAC,Gipskopie,"Kopie, die aus Gips hergestellt wird.",http://www.w3id.org/archlink/terms/conservationthesaurus/A7FC45
http://www.w3id.org/archlink/terms/conservationthesaurus/D9CC3C,Galvanoplastik,"Kopie aus Metall, die durch ein galvanisches Verfahren hergestellt wird",http://www.w3id.org/archlink/terms/conservationthesaurus/A7FC45
http://www.w3id.org/archlink/terms/conservationthesaurus/D532GF,Rekonstruktion (Objekt),"Nachgebildetes Objekt, das einen angenommenen, ursprünglichen Zustand eines Vorbildgegendstandes wiedergibt.",http://www.w3id.org/archlink/terms/conservationthesaurus/C11192
http://www.w3id.org/archlink/terms/conservationthesaurus/C5GA26,Reproduktion (Objekt),"Objekt, welches nach Vorbild eines von einer anderen Person angefertigten Originals hergestellt wurde, ohne das dieses Original im Vorfeld abgeformt wurde",http://www.w3id.org/archlink/terms/conservationthesaurus/C11192
http://www.w3id.org/archlink/terms/conservationthesaurus/F9549F,Modell,"Auf Forschungsergebnissen basierender Nachbau, ohne aktuell extistierendes Vorbild.",http://www.w3id.org/archlink/terms/conservationthesaurus/C11192
http://www.w3id.org/archlink/terms/conservationthesaurus/DAB4B7,Handlungsempfehlung,"Durch einen fachlich qualifizierten Restaurator formulierte Hinweise zur Handhabung eines Objektes, um dieses nachhaltig vor negativer Beeinträchtigung zu schützen und zu erhalten",
http://www.w3id.org/archlink/terms/conservationthesaurus/D1CFD5,Lagerungsbedingungen,,http://www.w3id.org/archlink/terms/conservationthesaurus/DAB4B7
http://www.w3id.org/archlink/terms/conservationthesaurus/D949G6,Handhabung,"empfohlene Umgangs- und Vorgehensweise bei der Bewegung und/oder dem Aufnehmen des Objektes oder dessen Trägersystems, zur Minimierung des Risikos einer ungewollten Beschädigung oder Zerstörung",http://www.w3id.org/archlink/terms/conservationthesaurus/DAB4B7
http://www.w3id.org/archlink/terms/conservationthesaurus/BGG5A6,Transportbedingungen,,http://www.w3id.org/archlink/terms/conservationthesaurus/DAB4B7
http://www.w3id.org/archlink/terms/conservationthesaurus/D6A11G,Ausstellungsparameter,,http://www.w3id.org/archlink/terms/conservationthesaurus/DAB4B7
http://www.w3id.org/archlink/terms/conservationthesaurus/CD5C3F,Gesundheitsschutz,,http://www.w3id.org/archlink/terms/conservationthesaurus/DAB4B7
http://www.w3id.org/archlink/terms/conservationthesaurus/C8CG15,Dokumentation,Sammelbegriff für Aufzeichnungen gemachter Beobachtungen und Handlungen,
http://www.w3id.org/archlink/terms/conservationthesaurus/D3AF3A,Zustandsdokumentation,Aufzeichnungen zur Einschätzung des Erhaltungszustandes eines Objektes zu einem bestimmten Zeitpunkt mit speziellem Zweck,http://www.w3id.org/archlink/terms/conservationthesaurus/C8CG15
http://www.w3id.org/archlink/terms/conservationthesaurus/CB7747,Bildgebende Dokumentation,,http://www.w3id.org/archlink/terms/conservationthesaurus/D3AF3A
http://www.w3id.org/archlink/terms/conservationthesaurus/FD2B2B,Röntgenbild,,http://www.w3id.org/archlink/terms/conservationthesaurus/CB7747
http://www.w3id.org/archlink/terms/conservationthesaurus/C33D85,Zustandsfoto,,http://www.w3id.org/archlink/terms/conservationthesaurus/CB7747
http://www.w3id.org/archlink/terms/conservationthesaurus/F58F6D,3D-Scan,,http://www.w3id.org/archlink/terms/conservationthesaurus/CB7747
http://www.w3id.org/archlink/terms/conservationthesaurus/D9A6FA,Zustandskartierung,bildliche Aufzeichnung des Objektes mit gezielter Annotation der beobachteten Befunde (Schäden).,http://www.w3id.org/archlink/terms/conservationthesaurus/CB7747
http://www.w3id.org/archlink/terms/conservationthesaurus/D7D443,Zustandsbericht,"schriftliche Auflistung der durchgeführten Untersuchungsmethoden, inklusive der verwendeten Gerätschaften sowie Beschreibung und Interpretation der dabei gemachten Beobachtungen und Ergebnisse hinsichtlich des aktuellen Erhaltungszustandes des Objektes",http://www.w3id.org/archlink/terms/conservationthesaurus/D3AF3A
http://www.w3id.org/archlink/terms/conservationthesaurus/A8D3G1,Maßnahmenbericht,"schriftliche Dokumentation des Konservierungs-/Restaurierungskonzeptes, der durchgeführten Konservierungs- und Restaurierungsmaßnahmen sowie der dabei verwendeten Materialien und Werkzeuge.",http://www.w3id.org/archlink/terms/conservationthesaurus/C8CG15
http://www.w3id.org/archlink/terms/conservationthesaurus/G76B7G,Technologische Auswertung,Dokumentation und Erläuterung der festgestellten Beobachtungen und gewonnenen Erkentnisse hinsichtlich der anzunehmenden antiken Technologien.,http://www.w3id.org/archlink/terms/conservationthesaurus/C8CG15
